date,plaid_merchant_description,amount,plaid_category,write_off_status (basic rules),ground_truth,keeper_merchant_description,keeper_category,write_off_status (keeper first pass),write_off_status (keeper after 1st session)
2022-01-02,Zelle Transfer Conf# nvizxvsui4; Tim,"-$1,960.00","['Transfer', 'Credit']",no,no,Zelle Transfer - Tim,‚ÜîÔ∏è transfer,no,no
2022-01-02,TRELLO.COM* ATLASSIAN XXXXXXXXXXXX0497,$14.99,"['Shops', 'Digital Purchase']",needs review,yes,Trello,üíª software,yes,yes
2022-01-03,MOBILE PURCHASE 01/03 MARATHON PETRO11,$73.52,"['Travel', 'Gas Stations']",no,no,Marathon,‚õΩ gas fill up,no,no
2022-01-03,PGANDE DES:WEB ONLINE ID:XXXXXXXXXX8324 INDN:JOHNNY CO ID:XXXXX11632 WEB,$90.15,"['Travel', 'Gas Stations']",no,yes,PG&E,üè† utilities,yes,yes
2022-01-04,PMNT SENT 0104 APPLE CASH - SENT CA XXXXX3630XXXXXXXXXX8324,$744.20,"['Payment', 'Credit Card']",no,no,Apple Card Payment,‚ÜîÔ∏è transfer,no,no
2022-01-05,3683 MJ4LBR3A AMAZON.COMH51UG38I0 AMAZON.COM SEATTLEWA C# 0497,$22.92,"['Shops', 'Digital Purchase']",needs review,yes,Amazon,üì¶ supplies,needs review,needs review
2022-01-05,DENNY'S #1 POSPUR 548109 253 MAIN STREET 0047 CHICAGO IL 66110 034700,$26.98,"['Food and Drink', 'Restaurants']",needs review,no,Denny's,üçΩÔ∏è business meal,needs review,no
2022-01-06,RECURRING DEBIT CARD XXXXX2069 TMOBILEAUTO PAY XXXXX8324,$75.99,"['Service', 'Telecommunication Services']",yes,yes,T-Mobile,üì∂ phone bill,yes,yes
2022-01-06,DENNY'S #1 POSPUR,$31.00,"['Food and Drink', 'Restaurants']",needs review,duplicate,Denny's,üçΩÔ∏è business meal,duplicate,duplicate
2022-01-06,Debit from Purchase DD DOORDASH MARCOSPIZ,$19.25,"['Food and Drink', 'Restaurants']",needs review,no,Doordash - Marco's Pizza,üçΩÔ∏è business meal,no,no
2022-01-07,8873 ATJJ2322 AMAZON.COMH65YZ34BA AMAZON.COM SEATTLEWA C# 0497,$30.24,"['Shops', 'Digital Purchase']",needs review,no,Amazon,üì¶ supplies,needs review,needs review
2022-01-08,ACH WEB IXBB54OYT ADOBE PHOTOSH,$24.50,"['Shops', 'Digital Purchase']",needs review,yes,Adobe Photoshop,üíª software,yes,yes
2022-01-08,PLAYSTATION NETWORK XXXXX7669,$16.99,"['Shops', 'Digital Purchase']",needs review,no,Playstation Network,üì∫ entertainment,no,no
2022-01-08,DD DOORDASH MARCOSPIZ,$23.00,"['Food and Drink', 'Restaurants']",needs review,duplicate,Doordash - Marco's Pizza,üçΩÔ∏è business meal,duplicate,duplicate
2022-01-09,DOS TOROS MEXICAN GRI CHICAGO IL WITHDRWL XX2525,$18.99,"['Food and Drink', 'Restaurants']",needs review,yes,Dos Toros,üçΩÔ∏è business meal,needs review,yes
2022-01-09,Comcast Chicago il,$79.99,"['Service', 'Cable']",yes,yes,Comcast,üåê wifi bill,yes,yes
2022-01-09,DEBIT ONLINE PURCHASE 1/09 XXXX8324,$24.86,"['Shops', 'Digital Purchase']",needs review,no,Online Purchase,üí∞ other expense,needs review,no
2022-01-10,eBay O*25- DDAVCH,$24.86,"['Shops', 'Digital Purchase']",needs review,no,eBay,üì¶ supplies,duplicate,duplicate
2022-01-10,DOS TOROS MEXICAN GRI CHICAGO IL,$18.99,"['Food and Drink', 'Restaurants']",needs review,duplicate,Dos Toros,üçΩÔ∏è business meal,duplicate,duplicate
2022-01-11,MOBILE PURCHASE 01/11 MARATHON PETRO11,$65.45,"['Travel', 'Gas Stations']",no,no,Marathon,‚õΩ gas fill up,no,no
2022-01-12,Monthly Maintenance Fee,$12.00,['Bank Fees'],yes,no,Monthly Maintenance Fee,üè¶ bank fee,no,no
2022-01-12,"DEBIT CARD PURCHASE AT SAM`S CORNER LIQUOR, CHICAGO, IL ON 011223 FROM CARD#: XXXXXXXXXXXX8324",$47.73,"['Shops', 'Supermarkets and Groceries']",no,no,Sam's Corner Liquor,üõí groceries,no,no
2022-01-13,BANK OF AMERICA ATM 01/13 #XXXXX0008324 WITHDRWL 3RD AND MAIN,$100.00,['Bank Fees'],no,no,ATM Withdrawal,‚ÜîÔ∏è transfer,no,no
2022-01-15,HOUSE OF SHABU SHABU,$102.00,"['Food and Drink', 'Restaurants']",needs review,yes,House of Shabu Shabu,üçΩÔ∏è business meal,needs review,needs review
2022-01-15,Dropbox BBBZKILNMV 141-58576933 CA 01/15,$13.99,"['Shops', 'Digital Purchase']",needs review,yes,Dropbox,üíª software,yes,yes
2022-01-15,9643 OUT3R3A AMAZON.COMJTII35PT AMAZON.COM SEATTLEWA C# 0497,$10.26,"['Shops', 'Digital Purchase']",needs review,yes,Amazon,üì¶ supplies,needs review,needs review
2022-01-16,Zelle Transfer Conf# 2tagioiiphw; Tim,"-$2,175.00","['Transfer', 'Credit']",no,no,Zelle Transfer - Tim,‚ÜîÔ∏è transfer,no,no
2022-01-18,MOBILE PURCHASE 01/18 SHELL,$66.32,"['Travel', 'Gas Stations']",no,no,Shell,‚õΩ gas fill up,no,no
2022-01-20,SQUARESPACE INC. HTTPSSQUARESP NY 01/20,$18.75,"['Shops', 'Digital Purchase']",needs review,yes,Squarespace,üíª software,yes,yes
2022-01-21,Debit from Purchase DD DOORDASH TERIYAKIKING,$21.73,"['Food and Drink', 'Restaurants']",needs review,no,Doordash - Teriyaki King,üçΩÔ∏è business meal,no,no
2022-01-21,ONLINE TRANSFER BANK OF AMERICA 1/21 #XXXXX0008324,$500.00,"['Transfer', 'Debit']",needs review,no,Transfer - Bank of America,‚ÜîÔ∏è transfer,no,no
2022-01-22,DD DOORDASH TERIYAKIKING,$24.00,"['Food and Drink', 'Restaurants']",needs review,duplicate,Doordash - Teriyaki King,üçΩÔ∏è business meal,duplicate,duplicate
2022-01-24,CHECKCARD DNH*GODADDY.COM TEMPE AZ ON 01/24,$9.99,"['Shops', 'Digital Purchase']",needs review,yes,GoDaddy,üíª software,yes,yes
2022-01-24,LINKEDIN-781*4103855LNKD.IN/BILL CA,$11.99,"['Shops', 'Digital Purchase']",needs review,yes,LinkedIn,üíª software,yes,yes
2022-01-24,Debit from Purchase DD DOORDASH CHIPOTLEMEXGR,$18.73,"['Food and Drink', 'Restaurants']",needs review,no,Doordash - Chipotle,üçΩÔ∏è business meal,no,no
2022-01-25,DD DOORDASH CHIPOTLEMEXGR,$21.00,"['Food and Drink', 'Restaurants']",needs review,duplicate,Doordash - Chipotle,üçΩÔ∏è business meal,duplicate,duplicate
2022-01-26,WEB AUTHORIZED*0282JG LOGO INFINIX,$50.88,"['Shops', 'Digital Purchase']",needs review,yes,Logo Infinix,üì¢ advertising,yes,yes
2022-01-27,LEMONADE I* LEMONADE I NEW YORK CITY NY 23062 Mobile Purchase,$10.99,"['Food and Drink', 'Restaurants']",needs review,yes,Lemonade Insurance,üå™Ô∏è home insurance,yes,yes
2022-01-27,STARBUCKS 800-782-7282 SEATTLE WAUS,$9.58,"['Food and Drink', 'Restaurants', 'Coffee Shop']",needs review,yes,Starbucks,‚òï coffee shop,needs review,yes
2022-01-28,"NETFLIX, INC 186-65797172 CA CARD8324",$9.99,"['Shops', 'Digital Purchase']",needs review,no,Netflix,üì∫ entertainment,no,no
2022-01-28,PURCHASE KEYCHRON XXXXXXX8324 ON 01/28,$248.35,"['Shops', 'Digital Purchase']",needs review,yes,Keychron,üì¶ supplies,yes,yes
2022-01-28,BANK OF AMERICA ATM 01/28 #XXXXX0008324 WITHDRWL 3RD AND MAIN,$150.00,['Bank Fees'],no,no,ATM Withdrawal,‚ÜîÔ∏è transfer,no,no
2022-01-30,CHECKCARD 0130 LTF LIFE TIME CHICAGO IL XXXXXXXXXXXXXXX8324 RECURRING,$65.36,"['Recreation', 'Gyms and Fitness Centers']",no,no,Life Time Fitness,üíá personal care,no,no
2022-01-30,Zelle Transfer Conf# iy844gwwy; Tim,"-$1,900.00","['Transfer', 'Credit']",no,no,Zelle Transfer - Tim,‚ÜîÔ∏è transfer,no,no
2022-01-30,ONLINE TRANSFER BANK OF AMERICA 1/30 #XXXXX0008324,$250.00,"['Transfer', 'Debit']",needs review,no,Transfer - Bank of America,‚ÜîÔ∏è transfer,no,no
2022-01-31,Zelle Transfer Conf# 682au390; Arthur Realty,"$1,175.00","['Transfer', 'Debit']",needs review,yes,Arthur Realty,üè† rent,needs review,yes
2022-01-31,3683 WQGGH46L AMAZON.COMHYY650 AMAZON.COM SEATTLEWA C# 0497,$12.21,"['Shops', 'Digital Purchase']",needs review,yes,Amazon,üì¶ supplies,needs review,needs review
2022-02-01,TRELLO.COM* ATLASSIAN XXXXXXXXXXXX0497,$14.99,"['Shops', 'Digital Purchase']",needs review,yes,Trello,üíª software,yes,yes
2022-02-01,PMNT SENT 0201 APPLE CASH - SENT CA XXXXX3630XXXXXXXXXX8324,$960.09,"['Payment', 'Credit Card']",no,no,Apple Card Payment,‚ÜîÔ∏è transfer,no,no
2022-02-02,DEBIT ONLINE PURCHASE 02/02 XXXX8324,$32.55,"['Shops', 'Digital Purchase']",needs review,no,Online Purchase,üí∞ other expense,needs review,no
2022-02-03,eBay O*25- DDAVCH,$32.55,"['Shops', 'Digital Purchase']",needs review,no,eBay,üì¶ supplies,duplicate,duplicate
2022-02-03,PGANDE DES:WEB ONLINE ID:XXXXXXXXXX8324 INDN:JOHNNY CO ID:XXXXX11632 WEB,$86.34,"['Travel', 'Gas Stations']",no,yes,PG&E,üè† utilities,yes,yes
2022-02-03,DEBIT ONLINE PURCHASE 2/03 XXXX8324,$28.20,"['Shops', 'Digital Purchase']",needs review,no,Online Purchase,üí∞ other expense,needs review,no
2022-02-04,eBay O*25- DDAVCH,$28.20,"['Shops', 'Digital Purchase']",needs review,no,eBay,üì¶ supplies,duplicate,duplicate
2022-02-05,Zelle Transfer Conf# 7adg9h3; Adam,-$22.00,"['Transfer', 'Credit']",no,no,Zelle Transfer - Adam,‚ÜîÔ∏è transfer,no,no
2022-02-05,STARBUCKS 800-782-7282 SEATTLE WAUS,$10.46,"['Food and Drink', 'Restaurants', 'Coffee Shop']",needs review,no,Starbucks,‚òï coffee shop,needs review,yes
2022-02-07,RECURRING DEBIT CARD XXXXX2069 TMOBILEAUTO PAY XXXXX8324,$75.99,"['Service', 'Telecommunication Services']",yes,yes,T-Mobile,üì∂ phone bill,yes,yes
2022-02-07,ACH WEB IXBB54OYT ADOBE PHOTOSH,$24.50,"['Shops', 'Digital Purchase']",needs review,yes,Adobe Photoshop,üíª software,yes,yes
2022-02-08,EMPORIUM 40 CHICAGO IL XXXXXXXXXXXX8324,$57.43,"['Food and Drink', 'Restaurants']",needs review,no,Emporium,üçΩÔ∏è business meal,needs review,needs review
2022-02-08,Zelle Transfer Conf# 582uyt73; Family,-$80.00,"['Transfer', 'Credit']",no,no,Zelle Transfer - Family,‚ÜîÔ∏è transfer,no,no
2022-02-08,Zelle Transfer Conf# 2ag44jpio; Sarah,$30.00,"['Transfer', 'Debit']",needs review,no,Zelle Transfer - Sarah,‚ÜîÔ∏è transfer,needs review,no
2022-02-08,AT 09:36 SGC - ADIDAS HCM VNM DEBIT AUTHORIZATION Feb01 09:36a 8324,$120.77,"['Shops', 'Digital Purchase']",needs review,no,Adidas,üëñ clothing,no,no
2022-02-08,PLAYSTATION NETWORK XXXXX7669,$16.99,"['Shops', 'Digital Purchase']",needs review,no,Playstation Network,üì∫ entertainment,no,no
2022-02-09,DOS TOROS MEXICAN GRI CHICAGO IL WITHDRWL XX2525,$18.99,"['Food and Drink', 'Restaurants']",needs review,yes,Dos Toros,üçΩÔ∏è business meal,needs review,yes
2022-02-09,MOBILE PURCHASE CITY CHICA PARKING 02/09,$1.57,"['Travel', 'Parking']",no,yes,City of Chicago Parking,üÖøÔ∏è parking,needs review,needs review
2022-02-10,DOS TOROS MEXICAN GRI CHICAGO IL,$18.99,"['Food and Drink', 'Restaurants']",needs review,duplicate,Dos Toros,üçΩÔ∏è business meal,duplicate,duplicate
2022-02-11,Comcast Chicago il,$79.99,"['Service', 'Cable']",yes,yes,Comcast,üåê wifi bill,yes,yes
2022-02-11,Debit from Purchase DD DOORDASH CHIPOTLEMEXGR,$18.73,"['Food and Drink', 'Restaurants']",needs review,no,Doordash - Chipotle,üçΩÔ∏è business meal,no,no
2022-02-12,MOBILE PURCHASE 02/12 MARATHON PETRO11,$105.02,"['Travel', 'Gas Stations']",no,no,Marathon,‚õΩ gas fill up,no,no
2022-02-12,POS DEBIT UDEMY SAN FRANCISC CA 0CN0 8324,$14.99,"['Shops', 'Digital Purchase']",needs review,yes,Udemy,üéì industry education,needs review,yes
2022-02-12,DD DOORDASH CHIPOTLEMEXGR,$21.00,"['Food and Drink', 'Restaurants']",needs review,duplicate,Doordash - Chipotle,üçΩÔ∏è business meal,duplicate,duplicate
2022-02-13,5374 ATJJ2322 AMAZON.COMH65YZ34BA AMAZON.COM SEATTLEWA C# 0497,$40.60,"['Shops', 'Digital Purchase']",needs review,no,Amazon,üì¶ supplies,needs review,needs review
2022-02-13,Zelle Transfer Conf# 06wku35; Tim,"-$1,950.00","['Transfer', 'Credit']",no,no,Zelle Transfer - Tim,‚ÜîÔ∏è transfer,no,no
2022-02-13,Monthly Maintenance Fee,$12.00,['Bank Fees'],yes,no,Monthly Maintenance Fee,üè¶ bank fee,no,no
2022-02-14,SOJU ANJU BAR,$90.15,"['Food and Drink', 'Restaurants']",needs review,no,Soju Anju Bar,üçΩÔ∏è business meal,needs review,needs review
2022-02-14,PURCHASE AUTHORIZED ON 02/14 UNITED 016983 CHICAGO IL S303059015440144 CARD 8324,$225.75,"['Travel', 'Airlines and Aviation Services']",needs review,no,United Airlines,üõ´ flight,needs review,no
2022-02-15,AIRBNB HM4S4WYWENB,$360.58,"['Travel', 'Lodging', 'Hotels and Motels']",needs review,no,AirBnB,üõèÔ∏è travel lodging,needs review,no
2022-02-15,"Apple.com/Bill, Www.Apple.com","$1,530.68","['Payment', 'Credit Card']",no,yes,Apple,üì¶ supplies,needs review,needs review
2022-02-15,TRADER JO TRAD 02/15 #XXXXX8324 PURCHASE TRADER JO TRADER,$98.33,"['Shops', 'Supermarkets and Groceries']",no,no,Trader Joe's,üõí groceries,no,no
2022-02-15,ONLINE TRANSFER BANK OF AMERICA 2/15 #XXXXX0008324,$250.00,"['Transfer', 'Debit']",needs review,no,Transfer - Bank of America,‚ÜîÔ∏è transfer,no,no
2022-02-16,Dropbox BBBZKILNMV 141-58576933 CA 02/16,$13.99,"['Shops', 'Digital Purchase']",needs review,yes,Dropbox,üíª software,yes,yes
2022-02-16,2239 MJ4LBR3A AMAZON.COMH51UG38I0 AMAZON.COM SEATTLEWA C# 0497,$11.62,"['Shops', 'Digital Purchase']",needs review,no,Amazon,üì¶ supplies,needs review,needs review
2022-02-17,Zelle Transfer Conf# 2ag44jpio; Sarah,-$21.00,"['Transfer', 'Credit']",no,no,Zelle Transfer - Sarah,‚ÜîÔ∏è transfer,no,no
2022-02-17,Zelle Transfer Conf# t28d732gh; Walter,-$21.00,"['Transfer', 'Credit']",no,no,Zelle Transfer - Walter,‚ÜîÔ∏è transfer,no,no
2022-02-17,02/14 UNITED,$225.75,"['Travel', 'Airlines and Aviation Services']",needs review,duplicate,United Airlines,üõ´ flight,duplicate,duplicate
2022-02-18,POS DEBIT UDEMY SAN FRANCISC CA 0CN0 6951,$17.99,"['Shops', 'Digital Purchase']",needs review,yes,Udemy,üéì industry education,needs review,yes
2022-02-20,MOBILE PURCHASE 02/20 MARATHON PETRO11,$68.77,"['Travel', 'Gas Stations']",no,no,Marathon,‚õΩ gas fill up,no,no
2022-02-20,PURCHASE AUTHORIZED ON 2/14 BOTTLE & BARREL XR262JP3623 XXXX8324,$80.63,"['Food and Drink', 'Restaurants']",needs review,no,Bottle & Barrel,üçΩÔ∏è business meal,needs review,needs review
2022-02-21,2/14 BOTTLE & BARREL,$92.00,"['Food and Drink', 'Restaurants']",needs review,duplicate,Bottle & Barrel,üçΩÔ∏è business meal,duplicate,duplicate
2022-02-21,ONLINE TRANSFER BANK OF AMERICA 2/21 #XXXXX0008324,$250.00,"['Transfer', 'Debit']",needs review,no,Transfer - Bank of America,‚ÜîÔ∏è transfer,no,no
2022-02-21,SQUARESPACE INC. HTTPSSQUARESP NY 02/21,$18.75,"['Shops', 'Digital Purchase']",needs review,yes,Squarespace,üíª software,yes,yes
2022-02-23,"NETFLIX, INC 186-65797172 CA CARD8324",$9.99,"['Shops', 'Digital Purchase']",needs review,no,Netflix,üì∫ entertainment,no,no
2022-02-24,STARBUCKS 800-782-7282 SEATTLE WAUS,$10.25,"['Food and Drink', 'Restaurants', 'Coffee Shop']",needs review,yes,Starbucks,‚òï coffee shop,needs review,yes
2022-02-25,LEMONADE I* LEMONADE I NEW YORK CITY NY 23062 Mobile Purchase,$10.99,"['Food and Drink', 'Restaurants']",needs review,yes,Lemonade Insurance,üå™Ô∏è home insurance,yes,yes
2022-02-25,LINKEDIN-781*4103855LNKD.IN/BILL CA,$11.99,"['Shops', 'Digital Purchase']",needs review,yes,LinkedIn,üíª software,yes,yes
2022-02-25,CHECKCARD 0306 LTF LIFE TIME CHICAGO IL XXXXXXXXXXXXXXX8324 RECURRING,$65.36,"['Recreation', 'Gyms and Fitness Centers']",no,no,Life Time Fitness,üíá personal care,no,no
2022-02-25,Debit from Purchase DD DOORDASH ELCAMINOTACO,$24.89,"['Food and Drink', 'Restaurants']",needs review,no,Doordash - El Camino Taco,üçΩÔ∏è business meal,no,no
2022-02-26,Zelle Transfer Conf# 2ag44jpio; Sarah,$18.00,"['Transfer', 'Debit']",needs review,no,Zelle Transfer - Sarah,‚ÜîÔ∏è transfer,no,no
2022-02-26,DD DOORDASH ELCAMINOTACO,$28.50,"['Food and Drink', 'Restaurants']",needs review,duplicate,Doordash - El Camino Taco,üçΩÔ∏è business meal,duplicate,duplicate
2022-02-27,0634 MJ4LBR3A AMAZON.COMH51UG38I0 AMAZON.COM SEATTLEWA C# 0497,$36.11,"['Shops', 'Digital Purchase']",needs review,no,Amazon,üì¶ supplies,needs review,needs review
2022-02-27,Zelle Transfer Conf# 07jb634uu; Tim,"-$1,800.00","['Transfer', 'Credit']",no,no,Zelle Transfer - Tim,‚ÜîÔ∏è transfer,no,no
2022-02-28,Zelle Transfer Conf# 86ak3err; Arthur Realty,"$1,175.00","['Transfer', 'Debit']",needs review,yes,Arthur Realty,üè† rent,needs review,yes
2022-03-01,PURCHASE 0228 DOORDASH DASHPASS SAN FRANCISCOCA XXXXX0920XXXXXXXXXX RECURRING,$9.99,"['Food and Drink', 'Restaurants']",needs review,no,DoorDash,üíª software,no,no
2022-03-01,APPLECARD GSBANK DES:PAYMENT ID:7252385 INDN:Jason Martucci CO ID:XXXXX99999 WEB,$380.00,"['Payment', 'Credit Card']",no,no,Applecard,‚ÜîÔ∏è transfer,no,no
2022-03-01,PURCHASE 0228 DOORDASH DASHPASS SAN FRANCISCOCA,$9.99,"['Food and Drink', 'Restaurants']",needs review,duplicate,DoorDash,üíª software,duplicate,duplicate
2022-03-01,TRELLO.COM* ATLASSIAN XXXXXXXXXXXX0497,$14.99,"['Shops', 'Digital Purchase']",needs review,yes,Trello,üíª software,yes,yes
2022-03-03,CHECKCARD 0301 DEL FUEGO E. NORTHPORT PENDING,$56.89,"['Food and Drink', 'Restaurants']",needs review,yes,Del Fuego,üçΩÔ∏è business meal,needs review,needs review
2022-03-04,CHECKCARD 0303 SPEEDWAY 07642 COMMACK XXXXX3720XXXXXXXXXX,$67.98,"['Travel', 'Gas Stations']",no,no,Speedway,üõí supermarket,no,no
2022-03-04,CHECKCARD 0301 DEL FUEGO E. NORTHPORT,$56.89,"['Food and Drink', 'Restaurants']",needs review,duplicate,Del Fuego,üçΩÔ∏è business meal,duplicate,duplicate
2022-03-06,CHECKCARD 0303 SPEEDWAY 07642 COMMACK,$67.98,"['Travel', 'Gas Stations']",no,duplicate,Speedway,üõí supermarket,duplicate,duplicate
2022-03-07,Online scheduled transfer from CHK 6335 Confirmation# XXXXX98704,-$25.00,"['Transfer', 'Internal Account Transfer']",no,no,Online Scheduled Transfer,‚ÜîÔ∏è transfer,no,no
2022-03-07,"Apple.com/Bill, Www.Apple.com",$337.87,"['Payment', 'Credit Card']",no,yes,Apple,üì¶ supplies,needs review,yes
2022-03-07,CHECKCARD 0303 FIVE STAR CAR WAS E NORTHPORT,$45.57,"['Service', 'Automotive', 'Car Wash and Detail']",no,no,Five Star Car Wash,‚ú® car wash,no,no
2022-03-07,TARGET DEBIT CRD ACH TRAN CO ID:XXXXX15170 POS TARGET -1108,$13.40,"['Shops', 'Supermarkets and Groceries']",needs review,yes,Target,üì¶ supplies,needs review,needs review
2022-03-07,UBER EATS CHECKCARD 03/06,$24.59,"['Food and Drink', 'Restaurants']",needs review,no,Uber Eats,üçΩÔ∏è business meal,no,no
2022-03-07,CHECKCARD 0304 PRATO 850 XXXXX6120XXXXXXXXXX5108,$82.15,['Service'],needs review,no,Prato,üëñ clothing,no,no
2022-03-09,CHECKCARD 0308 CHANGING TIMES PU FARMINGDALE,$53.23,"['Food and Drink', 'Restaurants']",needs review,no,Changing Times,üçΩÔ∏è business meal,needs review,needs review
2022-03-09,CHECKCARD 0309 QDI*QUEST DIAGNOS IL XXXXX8620XXXXXXXXXX RECURRING,$20.00,['Service'],needs review,no,Quest Diagnostics,üè• medical expense,no,no
2022-03-14,BANK OF AMERICA CREDIT CARD Bill Payment,$500.00,"['Payment', 'Credit Card']",no,no,Bank of America - Credit Card,‚ÜîÔ∏è transfer,no,no
2022-03-14,Dropbox BBBZKILNMV 141-58576933 CA 03/14,$13.99,"['Shops', 'Digital Purchase']",needs review,yes,Dropbox,üíª software,yes,yes
2022-03-14,PURCHASE 0313 TST* TOA ASIAN FU XXXXXX,$28.62,"['Food and Drink', 'Restaurants']",needs review,no,T.O.A Asian Fusion,üçΩÔ∏è business meal,needs review,needs review
2022-03-15,Comcast Chicago il,$79.99,"['Service', 'Cable']",yes,yes,Comcast,üåê wifi bill,yes,yes
2022-03-16,CHECKCARD 0315 CHANGING TIMES AL EAST NORTHPOR,$24.44,"['Transfer', 'Third Party', 'Square']",needs review,no,Changing Times,üçΩÔ∏è business meal,needs review,no
2022-03-18,CHECKCARD 0316 FOLEY'S SMITHTOWN XXXXX2920XXXXXXXXXX8324,$17.48,"['Food and Drink', 'Restaurants']",needs review,no,Foley's Smithtown,üçΩÔ∏è business meal,needs review,needs review
2022-03-18,CHECKCARD 0315 CHANGING TIMES,$24.44,"['Transfer', 'Third Party', 'Square']",needs review,duplicate,Changing Times,üçΩÔ∏è business meal,duplicate,duplicate
2022-03-18,DEBIT ONLINE PURCHASE 3/18 XXXX8324,$32.33,"['Shops', 'Digital Purchase']",needs review,no,Online Purchase,üí∞ other expense,needs review,no
2022-03-21,eBay O*25- DDAVCH#5232,$32.33,"['Shops', 'Digital Purchase']",needs review,no,eBay,üì¶ supplies,duplicate,duplicate
2022-03-21,CHECKCARD 0319 FOUNDERS ROOM HUNTINGTON,$26.90,"['Food and Drink', 'Restaurants']",needs review,no,Founder's Room,üì∫ entertainment,no,no
2022-03-22,Zelle Transfer Conf# 253st24; Family,$50.00,"['Transfer', 'Debit']",needs review,no,Zelle - Family,üí∞ payment,needs review,no
2022-03-24,SQUARESPACE INC. HTTPSSQUARESP NY 03/24,$18.75,"['Shops', 'Digital Purchase']",needs review,yes,Squarespace,üíª software,yes,yes
2022-03-26,Nordstrom Direct,$146.64,"['Shops', 'Department Stores']",needs review,no,Nordstrom,üëñ clothing,no,no
2022-03-28,Zelle Transfer Conf# 86ak25be; Arthur Realty,"$1,175.00","['Transfer', 'Debit']",needs review,yes,Arthur Realty,üè† rent,needs review,yes
2022-03-28,Zelle Transfer Conf# 07jb634st; Tim,"-$1,610.00","['Transfer', 'Credit']",no,no,Zelle Transfer - Tim,‚ÜîÔ∏è transfer,no,no
2022-03-29,LEMONADE I* LEMONADE I NEW YORK CITY NY 23022 Mobile Purchase,$10.99,"['Food and Drink', 'Restaurants']",needs review,yes,Lemonade Insurance,üå™Ô∏è home insurance,yes,yes
2022-03-30,CHECKCARD 0306 LTF LIFE TIME CHICAGO IL XXXXXXXXXXXXXXX8324 RECURRING,$65.36,"['Recreation', 'Gyms and Fitness Centers']",no,no,Life Time Fitness,üíá personal care,no,no
2022-03-31,623 ATJJ2322 AMAZON.COMH65YZ34BA AMAZON.COM SEATTLEWA C# 0497,$10.85,"['Shops', 'Digital Purchase']",needs review,yes,Amazon,üì¶ supplies,needs review,needs review
2022-04-01,Zappos.com Transfer Conf# cy6agioiiphw,$217.25,"['Shops', 'Clothing and Accessories']",needs review,no,Zappos,üëñ clothing,no,no
2022-04-01,BOTTLE BARGAINS,$93.40,"['Shops', 'Discount Stores']",needs review,no,Bottle Bargains,üõí groceries,no,no
2022-04-01,APPLECARD GSBANK DES:PAYMENT ID:7252385 WEB,$141.54,"['Payment', 'Credit Card']",no,no,Applecard,‚ÜîÔ∏è transfer,no,no
2022-04-02,TRELLO.COM* ATLASSIAN XXXXXXXXXXXX0497,$14.99,"['Shops', 'Digital Purchase']",needs review,yes,Trello,üíª software,yes,yes
2022-04-03,Speedway 04/03 #XXXXX8324 MOBILE PURCHASE 522 Chicago IL,$4.79,"['Travel', 'Gas Stations']",no,no,Speedway,üõí supermarket,no,no
2022-04-04,BLOOMINGDALES CHICAGO800-289-6229,$51.43,"['Shops', 'Department Stores']",needs review,no,Bloomingdale's,üëñ clothing,no,no
2022-04-04,PGANDE DES:WEB ONLINE ID:XXXXXXXXXX8324 INDN:JOHNNY CO ID:XXXXX11632 WEB,$86.34,"['Travel', 'Gas Stations']",no,yes,PG&E,üè† utilities,yes,yes
2022-04-04,PLAYSTATION NETWORK XXXXX7669,$16.99,"['Shops', 'Digital Purchase']",needs review,no,Playstation Network,üì∫ entertainment,no,no
2022-04-04,CASH REWARDS STATEMENT CREDIT,-$3.44,"['Transfer', 'Credit']",no,no,Cash Rewards Statement,‚ÜîÔ∏è transfer,no,no
2022-04-04,CHECKCARD 0402 PATIO PIZZA SAINT JAMES XXXX9120XXXXXXXXXX8324,$10.48,"['Food and Drink', 'Restaurants']",needs review,no,Patio Pizza,üçΩÔ∏è business meal,needs review,no
2022-04-04,Online scheduled transfer from CHK 6335 Confirmation# XXXXX46252,-$50.00,"['Transfer', 'Internal Account Transfer']",no,no,Online Scheduled Transfer,‚ÜîÔ∏è transfer,no,no
2022-04-04,CHECKCARD 0402 PATIO PIZZA,$10.48,"['Food and Drink', 'Restaurants']",needs review,duplicate,Patio Pizza,üçΩÔ∏è business meal,duplicate,duplicate
2022-04-05,GROUPON: AUTHORIZED WEB PURCHASE 04/05 IL:562342,$2.72,"['Shops', 'Digital Purchase']",needs review,no,Groupon,üí∞ payment,no,no
2022-04-07,BLOOMINGDALES HUNTINGTONHUNTINGTN CHICAGO,-$51.43,"['Shops', 'Department Stores']",no,no,Bloomingdale's,‚ôªÔ∏è refund,no,no
2022-04-08,Amazon.com*1A7DP41L1 Amzn.com/billWA,$43.77,"['Shops', 'Digital Purchase']",needs review,yes,Amazon,üì¶ supplies,needs review,needs review
2022-04-09,Comcast Chicago il,$79.99,"['Service', 'Cable']",yes,yes,Comcast,üåê wifi bill,yes,yes
2022-04-08,Amazon.com*1A7DP41L1 Amzn.com/billWA,$43.77,"['Shops', 'Digital Purchase']",needs review,duplicate,Amazon,üì¶ supplies,duplicate,duplicate
2022-04-09,DOS TOROS MEXICAN GRI CHICAGO IL WITHDRWL XX2525,$18.99,"['Food and Drink', 'Restaurants']",needs review,yes,Dos Toros,üçΩÔ∏è business meal,needs review,yes
2022-04-11,TST* TOA Asian Fusion -,$77.57,"['Food and Drink', 'Restaurants']",needs review,yes,T.O.A Asian Fusion,üçΩÔ∏è business meal,needs review,needs review
2022-04-11,Online scheduled transfer from CHK 6335 Confirmation# XXXXX8324,-$25.00,"['Transfer', 'Internal Account Transfer']",no,no,Online Scheduled Transfer,‚ÜîÔ∏è transfer,no,no
2022-04-12,Nordstrom Direct,$32.06,"['Shops', 'Department Stores']",needs review,no,Nordstrom,üëñ clothing,no,no
2022-04-12,Monthly Maintenance Fee,$12.00,['Bank Fees'],yes,no,Monthly Maintenance Fee,üè¶ bank fee,no,no
2022-04-12,BANK OF AMERICA CREDIT CARD Bill Payment,$221.53,"['Payment', 'Credit Card']",no,no,Bank of America - Credit Card,‚ÜîÔ∏è transfer,no,no
2022-04-13,MOBILE PURCHASE CITY CHICA PARKING 04/13,$2.21,"['Travel', 'Parking']",no,yes,City of Chicago Parking,üÖøÔ∏è parking,needs review,yes
2022-04-15,VINEYARD VINES,$88.76,"['Shops', 'Clothing and Accessories']",no,no,Vineyard Vines,üëñ clothing,no,no
2022-04-15,MSX CHRYSLER* SVC,$175.83,"['Shops', 'Automotive', 'Car Dealers and Leasing']",no,no,MSX Chrysler,üöó car insurance,no,no
2022-04-16,GROUPON: AUTHORIZED WEB PURCHASE 04/16 IL:62462,$11.25,"['Shops', 'Digital Purchase']",needs review,no,Groupon,üí∞ payment,needs review,no
2022-04-18,MOBILE PURCHASE 0417 TST* SUNDAE DONUT HUNTINGTON XXXXX8324,$10.27,"['Food and Drink', 'Restaurants']",needs review,no,Sundae Donut,üçΩÔ∏è business meal,needs review,needs review
2022-04-18,STARBUCKS 800-782-7282 SEATTLE WAUS,$13.46,"['Food and Drink', 'Restaurants', 'Coffee Shop']",needs review,no,Starbucks,‚òï coffee shop,needs review,needs review
2022-04-19,Zelle Transfer Conf# 7adg9h3; Adam,-$25.00,"['Transfer', 'Credit']",no,no,Zelle Transfer - Adam,‚ÜîÔ∏è transfer,no,no
2022-04-20,Debit from Purchase DD DOORDASH TERIYAKIKING,$22.64,"['Food and Drink', 'Restaurants']",needs review,no,Doordash - Teriyaki King,üçΩÔ∏è business meal,no,no
2022-04-20,ONLINE TRANSFER BANK OF AMERICA 4/20 #XXXXX0008324,$500.00,"['Transfer', 'Debit']",needs review,no,Transfer - Bank of America,‚ÜîÔ∏è transfer,no,no
2022-04-21,DD DOORDASH TERIYAKIKING,$24.50,"['Food and Drink', 'Restaurants']",needs review,duplicate,Doordash - Teriyaki King,üçΩÔ∏è business meal,duplicate,duplicate
2022-04-21,CHECKCARD 0420 Speedway,$74.00,"['Travel', 'Gas Stations']",no,no,Speedway,üõí supermarket,no,no
2022-04-22,DD DOORDASH MARCOSPIZ,$23.00,"['Food and Drink', 'Restaurants']",needs review,no,Doordash - Marco's Pizza,üçΩÔ∏è business meal,no,no
2022-04-22,TARGET DEBIT CRD ACH TRAN CO ID:XXXXX15170 POS TARGET -1108,$51.59,"['Shops', 'Supermarkets and Groceries']",needs review,yes,Target,üì¶ supplies,needs review,needs review
2022-04-22,PAYMENT - THANK YOU,-$350.00,"['Payment', 'Credit Card']",no,no,Card Payment,‚ÜîÔ∏è transfer,no,no
2022-04-23,SQUARESPACE INC. HTTPSSQUARESP NY 04/23,$18.75,"['Shops', 'Digital Purchase']",needs review,yes,Squarespace,üíª software,yes,yes
2022-04-25,Online scheduled transfer from CHK 8324 Confirmation# XXXXX59638,-$50.00,"['Transfer', 'Internal Account Transfer']",no,no,Online Scheduled Transfer,‚ÜîÔ∏è transfer,no,no
2022-04-25,TARGET DEBIT CRD ACH TRAN CO ID:XXXXX15170,$51.59,"['Shops', 'Supermarkets and Groceries']",needs review,duplicate,Target,üì¶ supplies,duplicate,duplicate
2022-04-25,"NETFLIX, INC 186-65797172 CA CARD8324",$9.99,"['Shops', 'Digital Purchase']",needs review,no,Netflix,üì∫ entertainment,no,no
2022-04-25,CHECKCARD 0422 TOWN BAGEL - PLAI PLAINVIEW XXXXX0321XXXXXXXXXX8324,$18.77,"['Shops', 'Food and Beverage Store']",needs review,yes,Town Bagel,üçΩÔ∏è business meal,needs review,needs review
2022-04-25,SQUARESPACE INC.,$18.75,"['Shops', 'Digital Purchase']",needs review,duplicate,Squarespace,üíª software,duplicate,duplicate
2022-04-26,TRADER JO TRAD 04/25 #XXXXX8324 PURCHASE TRADER JO TRADER,$67.82,"['Shops', 'Supermarkets and Groceries']",no,no,Trader Joe's,üõí groceries,no,no
2022-04-28,Zelle Transfer Conf# 86ak3err; Arthur Realty,"$1,175.00","['Transfer', 'Debit']",needs review,yes,Arthur Realty,üè† rent,needs review,yes
2022-04-28,LINKEDIN-781*4103855LNKD.IN/BILL CA,$11.99,"['Shops', 'Digital Purchase']",needs review,yes,LinkedIn,üíª software,yes,yes
2022-04-29,CHECKCARD 0428 LTF LIFE TIME CHICAGO IL XXXXXXXXXXXXXXX8324 RECURRING,$65.36,"['Recreation', 'Gyms and Fitness Centers']",no,no,Life Time Fitness,üíá personal care,no,no
2022-04-30,3683 WQGGH46L AMAZON.COMHYY650 AMAZON.COM SEATTLEWA C# 0497,$16.66,"['Shops', 'Digital Purchase']",needs review,yes,Amazon,üì¶ supplies,needs review,needs review
2022-05-01,CHI MKTPL BREWE 05/01 #XXXXX1721 MOBILE PURCHASE MKTPL BREWER,$40.67,"['Shops', 'Food and Beverage Store']",needs review,no,Chicago Marketplace Brewery,üçΩÔ∏è business meal,needs review,needs review
2022-05-01,CHECKCARD 0501 LTF LIFE TIME CHICAGO IL XXXXXXXXXXXXXXX8324,$65.36,"['Recreation', 'Gyms and Fitness Centers']",no,duplicate,Life Time Fitness,üíá personal care,duplicate,duplicate
2022-05-01,TRELLO.COM* ATLASSIAN XXXXXXXXXXXX0497,$14.99,"['Shops', 'Digital Purchase']",needs review,yes,Trello,üíª software,yes,yes
2022-05-02,CHECKCARD 0429 GENERAL BUILDING MELVILLE XXXXX0321XXXXXXXXXX8324,$84.87,"['Shops', 'Furniture and Home Decor']",needs review,yes,General Building,üõãÔ∏è home office expense,needs review,yes
2022-05-02,NY MKTPL BREWE 05/01,$40.67,"['Shops', 'Food and Beverage Store']",needs review,duplicate,Chicago Marketplace Brewery,üçΩÔ∏è business meal,duplicate,duplicate
2022-05-02,Zelle Transfer Conf# nvizxvsui4; Tim,"-$1,760.00","['Transfer', 'Credit']",no,no,Zelle Transfer - Tim,‚ÜîÔ∏è transfer,no,no
2022-05-03,PGANDE DES:WEB ONLINE ID:XXXXXXXXXX8324 INDN:JOHNNY CO ID:XXXXX11632 WEB,$90.15,"['Travel', 'Gas Stations']",no,yes,PG&E,üè† utilities,yes,yes
2022-05-04,ACH WEB IXBB54OYT ADOBE PHOTOSH,$24.50,"['Shops', 'Digital Purchase']",needs review,yes,Adobe Photoshop,üíª software,yes,yes
2022-05-04,Online scheduled transfer from CHK 6335 Confirmation# XXXXX48324,-$25.00,"['Transfer', 'Internal Account Transfer']",no,no,Online Scheduled Transfer,‚ÜîÔ∏è transfer,no,no
2022-05-05,APPLECARD GSBANK DES:PAYMENT ID:7252385,$138.15,['Service'],needs review,no,Applecard,‚ÜîÔ∏è transfer,no,no
2022-05-06,CHECKCARD 8324 BUTTERFIELDS REST HAUPPAUGE,$35.88,"['Food and Drink', 'Restaurants']",needs review,no,Butterfields Restaurant,üçΩÔ∏è business meal,needs review,needs review
2022-05-08,CHECKCARD 8324 BUTTERFIELDS RESTAURANT,$35.88,"['Food and Drink', 'Restaurants']",needs review,duplicate,Butterfields Restaurant,üçΩÔ∏è business meal,duplicate,duplicate
2022-05-09,Nordstrom,$26.39,"['Shops', 'Department Stores']",needs review,no,Nordstrom,üëñ clothing,no,no
2022-05-09,CHECKCARD 0508 MILLER S ALE HOUS COMMACK XXXX,$47.19,"['Food and Drink', 'Restaurants']",needs review,yes,Miller's Ale House,üçΩÔ∏è business meal,needs review,needs review
2022-05-09,CHECKCARD 0506 www.cvs.com IL XXXXX3721XXXXXXXXXX8324,$30.00,"['Shops', 'Pharmacies']",needs review,no,CVS,üì¶ supplies,needs review,no
2022-05-10,Dropbox BBBZKILNMV 141-58576933 CA 05/10,$13.99,"['Shops', 'Digital Purchase']",needs review,yes,Dropbox,üíª software,yes,yes
2022-05-10,CHECKCARD SPEEDWAY 07642 COMMACKXXXX,$36.23,"['Travel', 'Gas Stations']",no,no,Speedway,‚õΩ gas fill up,no,no
2022-05-10,SQ DEBIT LEMONADE REST 25325 #IL5233,$27.32,"['Food and Drink', 'Restaurants']",needs review,no,Lemonade Insurance,üå™Ô∏è home insurance,yes,yes
2022-05-12,PAYMENT - THANK YOU,$235.00,"['Payment', 'Credit Card']",no,no,Card Payment,‚ÜîÔ∏è transfer,no,no
2022-05-12,CHECKCARD 0512 Dunkin' Donuts *PENDING,$8.43,"['Food and Drink', 'Restaurants', 'Coffee Shop']",needs review,no,Dunkin',‚òï coffee shop,needs review,no
2022-05-13,t43 SGJJ2322 AMAZON.COMH65YZ34BA AMAZON.COM SEATTLEWA C# 8324,$13.85,"['Shops', 'Digital Purchase']",needs review,yes,Amazon,üì¶ supplies,needs review,needs review
2022-05-14,CHECKCARD 0513 LTF LIFE TIME CHICAGO IL XXXXXXXXXXXXXXX8324 RECURRING,$65.36,"['Recreation', 'Gyms and Fitness Centers']",no,no,Life Time Fitness,üíá personal care,no,no
2022-05-14,RECURRING DEBIT CARD XXXXX2069 TMOBILEAUTO PAY XXXXX8324,$75.99,"['Service', 'Telecommunication Services']",yes,yes,T-Mobile,üì∂ phone bill,yes,yes
2022-05-13,BANK OF AMERICA CREDIT CARD Bill Payment,$233.00,"['Payment', 'Credit Card']",no,no,Bank of America - Credit Card,‚ÜîÔ∏è transfer,no,no
2022-05-13,Dunkin' Donuts,$8.43,"['Food and Drink', 'Restaurants', 'Coffee Shop']",needs review,duplicate,Dunkin',‚òï coffee shop,duplicate,duplicate
2022-05-15,MSX CHRYSLER* SVC,$75.83,"['Shops', 'Automotive', 'Car Dealers and Leasing']",no,no,MSX Chrysler,üöó car insurance,no,no
2022-05-16,DD DOORDASH MARCOSPIZ,$24.55,"['Food and Drink', 'Restaurants']",needs review,yes,Doordash - Marco's Pizza,üçΩÔ∏è business meal,needs review,needs review
2022-05-16,CHECKCARD 0514 SPEEDWAY 07798 NORTHPORT XXXXXXX8324,$47.23,"['Travel', 'Gas Stations']",no,no,Speedway,‚õΩ gas fill up,no,no
2022-05-17,Comcast Chicago il,$79.99,"['Service', 'Cable']",yes,yes,Comcast,üåê wifi bill,yes,yes
2022-05-17,Dunkin' Donuts,$10.87,"['Food and Drink', 'Restaurants', 'Coffee Shop']",needs review,no,Dunkin',‚òï coffee shop,needs review,needs review
2022-05-18,CHECKCARD 0514 GINOS OF NORTHPORXX8324,$3.48,"['Food and Drink', 'Restaurants']",needs review,no,Ginos Of Northport,üçΩÔ∏è business meal,no,no
2022-05-19,Dunkin' Donuts,$11.76,"['Food and Drink', 'Restaurants', 'Coffee Shop']",needs review,duplicate,Dunkin',‚òï coffee shop,duplicate,duplicate
2022-05-21,DICE.FM HTTPSDICE.FM,$46.77,"['Community', 'Organizations and Associations', 'Charities and Non-Profits']",needs review,no,Dice.fm,üèüÔ∏è event,needs review,no
2022-05-21,BKOFAMERICA MOBILE 05/21 XXXXX34484 DEPOSIT *MOBILE,-$35.00,"['Transfer', 'Deposit']",no,no,Bank of America - Mobile Deposit,‚ÜîÔ∏è transfer,no,no
2022-05-23,CHECKCARD 0520 NURX.CO SAN FRANCISCOCA XXXXX1621XXXXXXXXXX5994,$25.00,['Service'],no,no,Nurx,üè• medical expense,no,no
2022-05-23,STARBUCKS 800-782-7282 SEATTLE WAUS,$14.53,"['Food and Drink', 'Restaurants', 'Coffee Shop']",needs review,yes,Starbucks,‚òï coffee shop,needs review,needs review
2022-05-23,"NETFLIX, INC 186-65797172 CA CARD8324",$9.99,"['Shops', 'Digital Purchase']",needs review,no,Netflix,üì∫ entertainment,no,no
2022-05-25,LEMONADE I* LEMONADE I NEW YORK CITY NY 23062 Mobile Purchase,$10.99,"['Food and Drink', 'Restaurants']",needs review,yes,Lemonade Insurance,üå™Ô∏è home insurance,yes,yes
2022-05-26,SQUARESPACE INC. HTTPSSQUARESP NY 05/26,$18.75,"['Shops', 'Digital Purchase']",needs review,yes,Squarespace,üíª software,yes,yes
2022-05-28,Zelle Transfer Conf# 86ak3err; Arthur Realty,"$1,175.00","['Transfer', 'Debit']",needs review,yes,Arthur Realty,üè† rent,needs review,yes
2022-05-28,Zelle Transfer Conf# 07jb634st; Tim,"-$2,150.00","['Transfer', 'Credit']",no,no,Zelle Transfer - Tim,‚ÜîÔ∏è transfer,no,no
2022-05-30,ONLINE TRANSFER BANK OF AMERICA 5/30 #XXXXX0008324,$250.00,"['Transfer', 'Debit']",needs review,no,Transfer - Bank of America,‚ÜîÔ∏è transfer,no,no
2022-06-01,CHECKCARD 0601 NURX.CO SAN FRANCISCOCA XXXXX1621XXXXXXXXXX7316,$10.00,['Service'],no,no,Nurx,üè• medical expense,no,no
2022-06-01,CHECKCARD 06/01 CKO*PATREON* MEMBERSHI XXX-XX28766,$8.00,"['Service', 'Subscription']",no,no,Patreon,üì∫ entertainment,no,no
2022-06-01,PURCHASE 06/01 UBER * EATS PENDING,$13.98,"['Food and Drink', 'Restaurants']",needs review,no,Uber Eats,üçΩÔ∏è business meal,no,no
2022-06-01,CHECKCARD 06/01 EXPRESSVPN.COM XXX-XX18492 DE,$12.95,['Service'],needs review,yes,ExpressVPN,üíª software,needs review,yes
2022-06-02,TRELLO.COM* ATLASSIAN XXXXXXXXXXXX0497,$14.99,"['Shops', 'Digital Purchase']",needs review,yes,Trello,üíª software,yes,yes
2022-06-02,CHECKCARD DAISO TX01 CARROL CARROLLTON TX ON 06/02,$5.95,['Shops'],needs review,no,Daiso,üì¶ supplies,needs review,needs review
2022-06-02,PURCHASE 06/02 UBER * EATS PENDING,$15.59,"['Food and Drink', 'Restaurants']",needs review,no,Uber Eats,üçΩÔ∏è business meal,no,no
2022-06-02,CHECKCARD 06/02 DAISO TX01 CARROLLTON,$5.95,['Shops'],needs review,no,Daiso,üì¶ supplies,needs review,no
2022-06-02,PGANDE DES:WEB ONLINE ID:XXXXXXXXXX8324 INDN:JOHNNY CO ID:XXXXX11632 WEB,$86.34,"['Travel', 'Gas Stations']",no,yes,PG&E,üè† utilities,yes,yes
2022-06-02,CHECKCARD 06/02 HANABI,$8.12,"['Food and Drink', 'Restaurants']",needs review,no,Hanabi Sushi,üçΩÔ∏è business meal,needs review,no
2022-06-03,CHECKCARD 0602 ADDISON FOOD MART ADDISON XXXXX3323XXXXXXXXXX7306,$3.78,"['Travel', 'Gas Stations']",needs review,no,Addison Food Mart,üõí groceries,no,no
2022-06-03,CHECKCARD 0601 CKO*Patreon* Membership XXX-XX28766 CA XXXXX4130XXXXXXXXXX5976 RECURRING,$8.00,"['Service', 'Subscription']",no,duplicate,Patreon,üì∫ entertainment,duplicate,duplicate
2022-06-03,PAYPAL DES:INST XFER ID:FORTYONEENT INDN:AD LIBERTATEM CO ID:PAYPALSI77 WEB,$10.00,"['Transfer', 'Third Party', 'PayPal']",needs review,no,Paypal,üí∞ payment,no,no
2022-06-04,7ELEVEN-FCTI 06/04 #XXXXX1277 WITHDRWL 14300 MONTFORT,$23.95,"['Shops', 'Convenience Stores']",needs review,no,7-Eleven,üõí supermarket,no,no
2022-06-04,CHECKCARD 0603 WARHAMMER #416 GRAPEVINE XXXXX0030XXXXXXXXXX08324,$4.06,"['Food and Drink', 'Restaurants']",needs review,no,Warhammer,üì∫ entertainment,no,no
2022-06-04,PURCHASE 0604 TRYHACKME.COM LONDON XXXXX4730XXXXXXXXXX5655 RECURRING INTERNATIONAL TRANSACTION FEE,$0.30,"['Bank Fees', 'Foreign Transaction']",needs review,no,International Transaction Fee,üè¶ bank fee,no,no
2022-06-04,CHECKCARD 0602 DAISO TX01 CARROLLTON CARROLLTON TX XXXXX0530XXXXXXXXXX2871,$5.95,['Shops'],needs review,duplicate,Daiso,üì¶ supplies,duplicate,duplicate
2022-06-04,CHECKCARD 7-11 STORE 36348 DALLAS TX ON 06/04,$12.00,"['Travel', 'Gas Stations']",needs review,no,7-Eleven,üõí supermarket,no,no
2022-06-04,PURCHASE 0604 TRYHACKME.COM LONDON XXXXX4730XXXXXXXXXX5655 RECURRING,$10.00,['Service'],needs review,yes,Tryhackme,üí∞ payment,needs review,yes
2022-06-05,ACH HOLD USR ElectricBill D ON 06/05,$81.37,"['Service', 'Utilities', 'Electric']",yes,yes,USR Electric Bill,üè† utilities,yes,yes
2022-06-06,PURCHASE UBER SAN FRANCISCO CA ON 06/06,$23.08,"['Travel', 'Taxi']",needs review,yes,Uber,üöó ride,needs review,needs review
2022-06-06,CHECKCARD LITTLE CAESARS 1617 000 CHICAGO XXXXX0030XXXXXXXXXX8234,$31.63,"['Food and Drink', 'Restaurants', 'Fast Food']",needs review,yes,Little Caesars,üçî fast food,needs review,needs review
2022-06-06,PURCHASE 06/06 UBER ,$23.08,"['Food and Drink', 'Restaurants']",needs review,duplicate,Uber,üöó ride,duplicate,duplicate
2022-06-06,CHECKCARD Twitch ON 06/06,$5.99,"['Shops', 'Digital Purchase']",needs review,no,Twitch,üì∫ entertainment,no,no
2022-06-08,ACH WEB IXBB5DD4OYT ADOBE PHOTOSH,$24.50,"['Shops', 'Digital Purchase']",needs review,yes,Adobe Photoshop,üíª software,yes,yes
2022-06-09,Comcast Chicago il,$79.99,"['Service', 'Cable']",yes,yes,Comcast,üåê wifi bill,yes,yes
2022-06-09,HOBBYTOWN 6060 E MOCKI 06/09 #XXXXX0327692 PURCHASE HOBBYTOWN 6060 E MOCKI,$12.42,"['Shops', 'Hobby and Collectibles']",needs review,no,Hobbytown,üì∫ entertainment,no,no
2022-06-10,MURPHY EXPRESS 06/10 #XXXXX0538 PURCHASE MURPHY EXPRESS,$34.44,"['Travel', 'Gas Stations']",no,no,Murphy Express,‚õΩ gas fill up,no,no
2022-06-10,CHECKCARD ATT*BILL PAYMENT ON 06/10,$91.25,"['Service', 'Telecommunication Services']",yes,yes,AT&T,üì∂ phone bill,yes,yes
2022-06-10,CHECKCARD CMRE XXX-XX89118 NC ON 06/10,$25.00,"['Food and Drink', 'Restaurants']",needs review,no,CMRE,üí∞ payment,no,no
2022-06-11,Dropbox BBBZKILNMV 141-58576933 CA 06/11,$13.99,"['Shops', 'Digital Purchase']",needs review,yes,Dropbox,üíª software,yes,yes
2022-06-11,CHECKCARD 0609 NTTA AUTOCHARGE TX XXXXX1630XXXXXXXXXX0688,$20.00,"['Travel', 'Tolls and Fees']",no,no,NTTA,üõÇ toll fee,no,no
2022-06-11,CHECKCARD 0611 WM SUPERC Wal-,$18.03,"['Shops', 'Supermarkets and Groceries']",needs review,no,Walmart,üì¶ supplies,needs review,needs review
2022-06-11,CHECKCARD 0611 Jack in the Box,$10.47,"['Food and Drink', 'Restaurants', 'Fast Food']",needs review,no,Jack In The Box,üçî fast food,needs review,no
2022-06-12,7ELEVEN-FCTI 06/12 #XXXXX1277 WITHDRWL 14300 MONTFORT,$3.99,"['Shops', 'Convenience Stores']",needs review,no,7-Eleven,üõí supermarket,no,no
2022-06-13,PURCHASE PAYPAL *VTUBEKGIN XXXXX67705 CA ON 06/13,$2.00,"['Transfer', 'Third Party', 'PayPal']",needs review,no,Paypal - Vtubekgin,üí∞ payment,needs review,no
2022-06-13,Zelle Transfer Conf# t28d732gh; Walter,-$21.00,"['Transfer', 'Credit']",no,no,Zelle Transfer - Walter,‚ÜîÔ∏è transfer,no,no
2022-06-14,STARBUCKS 800-782-7282 SEATTLE WAUS,$6.25,"['Food and Drink', 'Restaurants', 'Coffee Shop']",needs review,yes,Starbucks,‚òï coffee shop,needs review,yes
2022-06-15,CHECKCARD 06/15 CLIFFSNOTES +XXXXX349397,$9.00,"['Transfer', 'Debit']",needs review,yes,CliffsNotes,üéì industry education,needs review,yes
2022-06-15,STARBUCKS 800-782-7282 SEATTLE WAUS,$6.25,"['Food and Drink', 'Restaurants', 'Coffee Shop']",needs review,duplicate,Starbucks,‚òï coffee shop,needs review,yes
2022-06-16,POS DEBIT UDEMY SAN FRANCISC CA 0CN0 6951,$17.99,"['Shops', 'Digital Purchase']",needs review,yes,Udemy,üéì industry education,needs review,yes
2022-06-16,CHECKCARD 06/16 NORTON *APXXXXX04815,$8.65,['Service'],needs review,yes,Norton,üíª software,yes,yes
2022-06-17,ACH HOLD PAYPAL INST XFER ON 06/17,$24.95,"['Transfer', 'Third Party', 'PayPal']",needs review,no,Paypal,üí∞ payment,needs review,needs review
2022-06-18,CHECKCARD AMERICAN SHAMAN A ADDISON ON 06/18,$5.53,"['Food and Drink', 'Restaurants']",needs review,no,American Shaman,üõí supermarket,no,no
2022-06-18,SQUARESPACE INC. HTTPSSQUARESP NY 06/18,$18.75,"['Shops', 'Digital Purchase']",needs review,yes,Squarespace,üíª software,yes,yes
2022-06-18,2/14 BOTTLE & BARREL,$88.00,"['Food and Drink', 'Restaurants']",needs review,no,Bottle & Barrel,üçΩÔ∏è business meal,needs review,needs review
2022-06-19,MURPHY EXPRESS 06/18 #XXXXX2812 PURCHASE MURPHY EXPRESS,$10.89,"['Travel', 'Gas Stations']",no,no,Murphy Express,‚õΩ gas fill up,no,no
2022-06-20,CHECKCARD AMERICAN SHAMAN ADDISON,$5.53,"['Food and Drink', 'Restaurants']",needs review,duplicate,American Shaman,üõí supermarket,duplicate,duplicate
2022-06-20,CHECKCARD ATT* BILL PAYMENT CHICAGO IL ON 06/20,$63.74,"['Service', 'Telecommunication Services']",yes,yes,AT&T,üì∂ phone bill,yes,yes
2022-06-21,CHECKCARD 06/21 STEAM PURCHASE XXX-XX22985,$8.65,"['Shops', 'Digital Purchase']",needs review,no,Steam,üì∫ entertainment,no,no
2022-06-23,Monthly Maintenance Fee,$8.00,['Bank Fees'],yes,no,Maintenance Fee,üè¶ bank fee,no,no
2022-06-23,CHECKCARD 06/23 NU CARE CLEANERS,$20.57,"['Service', 'Personal Care']",no,no,Nu Care Cleaners,üíá personal care,no,no
2022-06-23,PAYPAL DES:INST XFER ID:BARTLEBY INDN:AD LIBERTATEM CO ID:PAYPALSI77 WEB,$4.99,"['Transfer', 'Third Party', 'PayPal']",needs review,no,Paypal,üí∞ payment,needs review,no
2022-06-23,CHECKCARD 0621 KINOKUNIYA BOOKSTORES XXXXX7930XXXXXXXXXX8324,$32.46,"['Shops', 'Bookstores']",needs review,no,Kinokuniya Bookstores,üéì industry education,needs review,no
2022-06-24,LEMONADE I* LEMONADE I NEW YORK CITY NY 23022 Mobile Purchase,$10.99,"['Food and Drink', 'Restaurants']",needs review,yes,Lemonade Insurance,üå™Ô∏è home insurance,yes,yes
2022-06-25,CHECKCARD 06/23 STAPLES 1127,$17.30,"['Shops', 'Office Supplies']",needs review,yes,Staples,üì¶ supplies,needs review,needs review
2022-06-25,CHECKCARD 0625 WM SUPERC Wal-,$8.98,"['Shops', 'Supermarkets and Groceries']",needs review,no,Walmart,üì¶ supplies,needs review,no
2022-06-26,LINKEDIN-781*4103855LNKD.IN/BILL CA,$11.99,"['Shops', 'Digital Purchase']",needs review,yes,LinkedIn,üíª software,yes,yes
2022-06-28,Zelle Transfer Conf# 22h49jh5be; Arthur Realty,"$1,175.00","['Transfer', 'Debit']",needs review,yes,Arthur Realty,üè† rent,needs review,yes
2022-06-29,STARBUCKS 800-782-7282 SEATTLE WAUS,$6.34,"['Food and Drink', 'Restaurants', 'Coffee Shop']",needs review,no,Starbucks,‚òï coffee shop,needs review,no
2022-06-29,PURCHASE CHEGG SANTA CLARA CA ON 06/29,$21.60,"['Shops', 'Bookstores']",needs review,no,Chegg,üéì industry education,needs review,needs review
2022-06-30,CHECKCARD 0606 LTF LIFE TIME CHICAGO IL XXXXXXXXXXXXXXX8324 RECURRING,$65.36,"['Recreation', 'Gyms and Fitness Centers']",no,no,Life Time Fitness,üíá personal care,no,no
2022-07-02,Zelle Transfer Conf# nvizxvsui4; Tim,"-$1,960.00","['Transfer', 'Credit']",no,no,Zelle Transfer - Tim,‚ÜîÔ∏è transfer,no,no
2022-07-02,TRELLO.COM* ATLASSIAN XXXXXXXXXXXX0497,$14.99,"['Shops', 'Digital Purchase']",needs review,yes,Trello,üíª software,yes,yes
2022-07-03,MOBILE PURCHASE 07/03 MARATHON PETRO11,$73.52,"['Travel', 'Gas Stations']",no,no,Marathon,‚õΩ gas fill up,no,no
2022-07-03,PGANDE DES:WEB ONLINE ID:XXXXXXXXXX8324 INDN:JOHNNY CO ID:XXXXX11632 WEB,$90.15,"['Travel', 'Gas Stations']",no,yes,PG&E,üè† utilities,yes,yes
2022-07-04,PMNT SENT 0704 APPLE CASH - SENT CA XXXXX3630XXXXXXXXXX8324,$744.20,"['Payment', 'Credit Card']",no,no,Apple Card Payment,‚ÜîÔ∏è transfer,no,no
2022-07-05,3683 MJ4LBR3A AMAZON.COMH51UG38I0 AMAZON.COM SEATTLEWA C# 0497,$22.92,"['Shops', 'Digital Purchase']",needs review,yes,Amazon,üì¶ supplies,needs review,needs review
2022-07-05,DENNY'S #1 POSPUR 548109 253 MAIN STREET 0047 CHICAGO IL 66110 034700,$26.98,"['Food and Drink', 'Restaurants']",needs review,no,Denny's,üçΩÔ∏è business meal,needs review,no
2022-07-06,RECURRING DEBIT CARD XXXXX2069 TMOBILEAUTO PAY XXXXX8324,$75.99,"['Service', 'Telecommunication Services']",yes,yes,T-Mobile,üì∂ phone bill,yes,yes
2022-07-06,DENNY'S #1 POSPUR,$31.00,"['Food and Drink', 'Restaurants']",needs review,duplicate,Denny's,üçΩÔ∏è business meal,duplicate,duplicate
2022-07-06,Debit from Purchase DD DOORDASH MARCOSPIZ,$19.25,"['Food and Drink', 'Restaurants']",needs review,no,Doordash - Marco's Pizza,üçΩÔ∏è business meal,no,no
2022-07-07,8873 ATJJ2322 AMAZON.COMH65YZ34BA AMAZON.COM SEATTLEWA C# 0497,$30.24,"['Shops', 'Digital Purchase']",needs review,no,Amazon,üì¶ supplies,needs review,needs review
2022-07-08,ACH WEB IXBB54OYT ADOBE PHOTOSH,$24.50,"['Shops', 'Digital Purchase']",needs review,yes,Adobe Photoshop,üíª software,yes,yes
2022-07-08,PLAYSTATION NETWORK XXXXX7669,$16.99,"['Shops', 'Digital Purchase']",needs review,no,Playstation Network,üì∫ entertainment,no,no
2022-07-08,DD DOORDASH MARCOSPIZ,$23.00,"['Food and Drink', 'Restaurants']",needs review,duplicate,Doordash - Marco's Pizza,üçΩÔ∏è business meal,duplicate,duplicate
2022-07-09,DOS TOROS MEXICAN GRI CHICAGO IL WITHDRWL XX2525,$18.99,"['Food and Drink', 'Restaurants']",needs review,yes,Dos Toros,üçΩÔ∏è business meal,needs review,yes
2022-07-09,Comcast Chicago il,$79.99,"['Service', 'Cable']",yes,yes,Comcast,üåê wifi bill,yes,yes
2022-07-09,DEBIT ONLINE PURCHASE 1/09 XXXX8324,$24.86,"['Shops', 'Digital Purchase']",needs review,no,Online Purchase,üí∞ other expense,needs review,no
2022-07-10,eBay O*25- DDAVCH,$24.86,"['Shops', 'Digital Purchase']",needs review,no,eBay,üì¶ supplies,duplicate,duplicate
2022-07-10,DOS TOROS MEXICAN GRI CHICAGO IL,$18.99,"['Food and Drink', 'Restaurants']",needs review,duplicate,Dos Toros,üçΩÔ∏è business meal,duplicate,duplicate
2022-07-11,MOBILE PURCHASE 07/11 MARATHON PETRO11,$65.45,"['Travel', 'Gas Stations']",no,no,Marathon,‚õΩ gas fill up,no,no
2022-07-12,Monthly Maintenance Fee,$12.00,['Bank Fees'],yes,no,Monthly Maintenance Fee,üè¶ bank fee,no,no
2022-07-12,"DEBIT CARD PURCHASE AT SAM`S CORNER LIQUOR, CHICAGO, IL ON 011223 FROM CARD#: XXXXXXXXXXXX8324",$47.73,"['Shops', 'Supermarkets and Groceries']",no,no,Sam's Corner Liquor,üõí groceries,no,no
2022-07-13,BANK OF AMERICA ATM 07/13 #XXXXX0008324 WITHDRWL 3RD AND MAIN,$100.00,['Bank Fees'],no,no,ATM Withdrawal,‚ÜîÔ∏è transfer,no,no
2022-07-15,HOUSE OF SHABU SHABU,$102.00,"['Food and Drink', 'Restaurants']",needs review,yes,House of Shabu Shabu,üçΩÔ∏è business meal,needs review,needs review
2022-07-15,Dropbox BBBZKILNMV 141-58576933 CA 07/15,$13.99,"['Shops', 'Digital Purchase']",needs review,yes,Dropbox,üíª software,yes,yes
2022-07-15,9643 OUT3R3A AMAZON.COMJTII35PT AMAZON.COM SEATTLEWA C# 0497,$10.26,"['Shops', 'Digital Purchase']",needs review,yes,Amazon,üì¶ supplies,needs review,needs review
2022-07-16,Zelle Transfer Conf# 2tagioiiphw; Tim,"-$2,175.00","['Transfer', 'Credit']",no,no,Zelle Transfer - Tim,‚ÜîÔ∏è transfer,no,no
2022-07-18,MOBILE PURCHASE 07/18 SHELL,$66.32,"['Travel', 'Gas Stations']",no,no,Shell,‚õΩ gas fill up,no,no
2022-07-20,SQUARESPACE INC. HTTPSSQUARESP NY 07/20,$18.75,"['Shops', 'Digital Purchase']",needs review,yes,Squarespace,üíª software,yes,yes
2022-07-21,Debit from Purchase DD DOORDASH TERIYAKIKING,$21.73,"['Food and Drink', 'Restaurants']",needs review,no,Doordash - Teriyaki King,üçΩÔ∏è business meal,no,no
2022-07-21,ONLINE TRANSFER BANK OF AMERICA 7/21 #XXXXX0008324,$500.00,"['Transfer', 'Debit']",needs review,no,Transfer - Bank of America,‚ÜîÔ∏è transfer,no,no
2022-07-22,DD DOORDASH TERIYAKIKING,$24.00,"['Food and Drink', 'Restaurants']",needs review,duplicate,Doordash - Teriyaki King,üçΩÔ∏è business meal,duplicate,duplicate
2022-07-24,CHECKCARD DNH*GODADDY.COM TEMPE AZ ON 07/24,$9.99,"['Shops', 'Digital Purchase']",needs review,yes,GoDaddy,üíª software,yes,yes
2022-07-24,LINKEDIN-781*4103855LNKD.IN/BILL CA,$11.99,"['Shops', 'Digital Purchase']",needs review,yes,LinkedIn,üíª software,yes,yes
2022-07-24,Debit from Purchase DD DOORDASH CHIPOTLEMEXGR,$18.73,"['Food and Drink', 'Restaurants']",needs review,no,Doordash - Chipotle,üçΩÔ∏è business meal,no,no
2022-07-25,DD DOORDASH CHIPOTLEMEXGR,$21.00,"['Food and Drink', 'Restaurants']",needs review,duplicate,Doordash - Chipotle,üçΩÔ∏è business meal,duplicate,duplicate
2022-07-26,WEB AUTHORIZED*0282JG LOGO INFINIX,$50.88,"['Shops', 'Digital Purchase']",needs review,yes,Logo Infinix,üì¢ advertising,yes,yes
2022-07-27,LEMONADE I* LEMONADE I NEW YORK CITY NY 23062 Mobile Purchase,$10.99,"['Food and Drink', 'Restaurants']",needs review,yes,Lemonade Insurance,üå™Ô∏è home insurance,yes,yes
2022-07-27,STARBUCKS 800-782-7282 SEATTLE WAUS,$9.58,"['Food and Drink', 'Restaurants', 'Coffee Shop']",needs review,yes,Starbucks,‚òï coffee shop,needs review,yes
2022-07-28,"NETFLIX, INC 186-65797172 CA CARD8324",$9.99,"['Shops', 'Digital Purchase']",needs review,no,Netflix,üì∫ entertainment,no,no
2022-07-28,PURCHASE KEYCHRON XXXXXXX8324 ON 07/28,$248.35,"['Shops', 'Digital Purchase']",needs review,yes,Keychron,üì¶ supplies,yes,yes
2022-07-28,BANK OF AMERICA ATM 07/28 #XXXXX0008324 WITHDRWL 3RD AND MAIN,$150.00,['Bank Fees'],no,no,ATM Withdrawal,‚ÜîÔ∏è transfer,no,no
2022-07-30,CHECKCARD 0706 LTF LIFE TIME CHICAGO IL XXXXXXXXXXXXXXX8324 RECURRING,$65.36,"['Recreation', 'Gyms and Fitness Centers']",no,no,Life Time Fitness,üíá personal care,no,no
2022-07-30,Zelle Transfer Conf# iy844gwwy; Tim,"-$1,900.00","['Transfer', 'Credit']",no,no,Zelle Transfer - Tim,‚ÜîÔ∏è transfer,no,no
2022-07-30,ONLINE TRANSFER BANK OF AMERICA 7/30 #XXXXX0008324,$250.00,"['Transfer', 'Debit']",needs review,no,Transfer - Bank of America,‚ÜîÔ∏è transfer,no,no
2022-07-31,Zelle Transfer Conf# 682au390; Arthur Realty,"$1,175.00","['Transfer', 'Debit']",needs review,yes,Arthur Realty,üè† rent,needs review,yes
2022-07-31,3683 WQGGH46L AMAZON.COMHYY650 AMAZON.COM SEATTLEWA C# 0497,$12.21,"['Shops', 'Digital Purchase']",needs review,yes,Amazon,üì¶ supplies,needs review,needs review
2022-08-01,TRELLO.COM* ATLASSIAN XXXXXXXXXXXX0497,$14.99,"['Shops', 'Digital Purchase']",needs review,yes,Trello,üíª software,yes,yes
2022-08-01,PMNT SENT 0801 APPLE CASH - SENT CA XXXXX3630XXXXXXXXXX8324,$960.09,"['Payment', 'Credit Card']",no,no,Apple Card Payment,‚ÜîÔ∏è transfer,no,no
2022-08-02,DEBIT ONLINE PURCHASE 08/02 XXXX8324,$32.55,"['Shops', 'Digital Purchase']",needs review,no,Online Purchase,üí∞ other expense,needs review,no
2022-08-03,eBay O*25- DDAVCH,$32.55,"['Shops', 'Digital Purchase']",needs review,no,eBay,üì¶ supplies,duplicate,duplicate
2022-08-03,PGANDE DES:WEB ONLINE ID:XXXXXXXXXX8324 INDN:JOHNNY CO ID:XXXXX11632 WEB,$86.34,"['Travel', 'Gas Stations']",no,yes,PG&E,üè† utilities,yes,yes
2022-08-03,DEBIT ONLINE PURCHASE 8/03 XXXX8324,$28.20,"['Shops', 'Digital Purchase']",needs review,no,Online Purchase,üí∞ other expense,needs review,no
2022-08-04,eBay O*25- DDAVCH,$28.20,"['Shops', 'Digital Purchase']",needs review,no,eBay,üì¶ supplies,duplicate,duplicate
2022-08-05,Zelle Transfer Conf# 7adg9h3; Adam,-$22.00,"['Transfer', 'Credit']",no,no,Zelle Transfer - Adam,‚ÜîÔ∏è transfer,no,no
2022-08-05,STARBUCKS 800-782-7282 SEATTLE WAUS,$10.46,"['Food and Drink', 'Restaurants', 'Coffee Shop']",needs review,no,Starbucks,‚òï coffee shop,needs review,yes
2022-08-07,RECURRING DEBIT CARD XXXXX2069 TMOBILEAUTO PAY XXXXX8324,$75.99,"['Service', 'Telecommunication Services']",yes,yes,T-Mobile,üì∂ phone bill,yes,yes
2022-08-07,ACH WEB IXBB54OYT ADOBE PHOTOSH,$24.50,"['Shops', 'Digital Purchase']",needs review,yes,Adobe Photoshop,üíª software,yes,yes
2022-08-08,EMPORIUM 40 CHICAGO IL XXXXXXXXXXXX8324,$57.43,"['Food and Drink', 'Restaurants']",needs review,no,Emporium,üçΩÔ∏è business meal,needs review,needs review
2022-08-08,Zelle Transfer Conf# 582uyt73; Family,-$80.00,"['Transfer', 'Credit']",no,no,Zelle Transfer - Family,‚ÜîÔ∏è transfer,no,no
2022-08-08,Zelle Transfer Conf# 2ag44jpio; Sarah,$30.00,"['Transfer', 'Debit']",needs review,no,Zelle Transfer - Sarah,‚ÜîÔ∏è transfer,needs review,no
2022-08-08,AT 09:36 SGC - ADIDAS HCM VNM DEBIT AUTHORIZATION Aug7 09:36a 8324,$120.77,"['Shops', 'Digital Purchase']",needs review,no,Adidas,üëñ clothing,no,no
2022-08-08,PLAYSTATION NETWORK XXXXX7669,$16.99,"['Shops', 'Digital Purchase']",needs review,no,Playstation Network,üì∫ entertainment,no,no
2022-08-09,DOS TOROS MEXICAN GRI CHICAGO IL WITHDRWL XX2525,$18.99,"['Food and Drink', 'Restaurants']",needs review,yes,Dos Toros,üçΩÔ∏è business meal,needs review,yes
2022-08-09,MOBILE PURCHASE CITY CHICA PARKING 08/09,$1.57,"['Travel', 'Parking']",no,yes,City of Chicago Parking,üÖøÔ∏è parking,needs review,needs review
2022-08-10,DOS TOROS MEXICAN GRI CHICAGO IL,$18.99,"['Food and Drink', 'Restaurants']",needs review,duplicate,Dos Toros,üçΩÔ∏è business meal,duplicate,duplicate
2022-08-11,Comcast Chicago il,$79.99,"['Service', 'Cable']",yes,yes,Comcast,üåê wifi bill,yes,yes
2022-08-11,Debit from Purchase DD DOORDASH CHIPOTLEMEXGR,$18.73,"['Food and Drink', 'Restaurants']",needs review,no,Doordash - Chipotle,üçΩÔ∏è business meal,no,no
2022-08-12,MOBILE PURCHASE 08/12 MARATHON PETRO11,$105.02,"['Travel', 'Gas Stations']",no,no,Marathon,‚õΩ gas fill up,no,no
2022-08-12,POS DEBIT UDEMY SAN FRANCISC CA 0CN0 8324,$14.99,"['Shops', 'Digital Purchase']",needs review,yes,Udemy,üéì industry education,needs review,yes
2022-08-12,DD DOORDASH CHIPOTLEMEXGR,$21.00,"['Food and Drink', 'Restaurants']",needs review,duplicate,Doordash - Chipotle,üçΩÔ∏è business meal,duplicate,duplicate
2022-08-13,5374 ATJJ2322 AMAZON.COMH65YZ34BA AMAZON.COM SEATTLEWA C# 0497,$40.60,"['Shops', 'Digital Purchase']",needs review,no,Amazon,üì¶ supplies,needs review,needs review
2022-08-13,Zelle Transfer Conf# 06wku35; Tim,"-$1,950.00","['Transfer', 'Credit']",no,no,Zelle Transfer - Tim,‚ÜîÔ∏è transfer,no,no
2022-08-13,Monthly Maintenance Fee,$12.00,['Bank Fees'],yes,no,Monthly Maintenance Fee,üè¶ bank fee,no,no
2022-08-14,SOJU ANJU BAR,$90.15,"['Food and Drink', 'Restaurants']",needs review,no,Soju Anju Bar,üçΩÔ∏è business meal,needs review,needs review
2022-08-14,PURCHASE AUTHORIZED ON 08/14 UNITED 016983 CHICAGO IL S303059015440144 CARD 8324,$225.75,"['Travel', 'Airlines and Aviation Services']",needs review,no,United Airlines,üõ´ flight,needs review,no
2022-08-15,AIRBNB HM4S4WYWENB,$360.58,"['Travel', 'Lodging', 'Hotels and Motels']",needs review,no,AirBnB,üõèÔ∏è travel lodging,needs review,no
2022-08-15,"Apple.com/Bill, Www.Apple.com","$1,530.68","['Payment', 'Credit Card']",no,yes,Apple,üì¶ supplies,needs review,needs review
2022-08-15,TRADER JO TRAD 08/15 #XXXXX8324 PURCHASE TRADER JO TRADER,$98.33,"['Shops', 'Supermarkets and Groceries']",no,no,Trader Joe's,üõí groceries,no,no
2022-08-15,ONLINE TRANSFER BANK OF AMERICA 8/15 #XXXXX0008324,$250.00,"['Transfer', 'Debit']",needs review,no,Transfer - Bank of America,‚ÜîÔ∏è transfer,no,no
2022-08-16,Dropbox BBBZKILNMV 141-58576933 CA 08/16,$13.99,"['Shops', 'Digital Purchase']",needs review,yes,Dropbox,üíª software,yes,yes
2022-08-16,2239 MJ4LBR3A AMAZON.COMH51UG38I0 AMAZON.COM SEATTLEWA C# 0497,$11.62,"['Shops', 'Digital Purchase']",needs review,no,Amazon,üì¶ supplies,needs review,needs review
2022-08-17,Zelle Transfer Conf# 2ag44jpio; Sarah,-$21.00,"['Transfer', 'Credit']",no,no,Zelle Transfer - Sarah,‚ÜîÔ∏è transfer,no,no
2022-08-17,Zelle Transfer Conf# t28d732gh; Walter,-$21.00,"['Transfer', 'Credit']",no,no,Zelle Transfer - Walter,‚ÜîÔ∏è transfer,no,no
2022-08-17,08/14 UNITED,$225.75,"['Travel', 'Airlines and Aviation Services']",needs review,duplicate,United Airlines,üõ´ flight,duplicate,duplicate
2022-08-18,POS DEBIT UDEMY SAN FRANCISC CA 0CN0 6951,$17.99,"['Shops', 'Digital Purchase']",needs review,yes,Udemy,üéì industry education,needs review,yes
2022-08-20,MOBILE PURCHASE 08/20 MARATHON PETRO11,$68.77,"['Travel', 'Gas Stations']",no,no,Marathon,‚õΩ gas fill up,no,no
2022-08-20,PURCHASE AUTHORIZED ON 8/18 BOTTLE & BARREL XR262JP3623 XXXX8324,$80.63,"['Food and Drink', 'Restaurants']",needs review,no,Bottle & Barrel,üçΩÔ∏è business meal,needs review,needs review
2022-08-21,8/18 BOTTLE & BARREL,$92.00,"['Food and Drink', 'Restaurants']",needs review,duplicate,Bottle & Barrel,üçΩÔ∏è business meal,duplicate,duplicate
2022-08-21,ONLINE TRANSFER BANK OF AMERICA 8/21 #XXXXX0008324,$250.00,"['Transfer', 'Debit']",needs review,no,Transfer - Bank of America,‚ÜîÔ∏è transfer,no,no
2022-08-23,"NETFLIX, INC 186-65797172 CA CARD8324",$9.99,"['Shops', 'Digital Purchase']",needs review,no,Netflix,üì∫ entertainment,no,no
2022-08-24,STARBUCKS 800-782-7282 SEATTLE WAUS,$10.25,"['Food and Drink', 'Restaurants', 'Coffee Shop']",needs review,yes,Starbucks,‚òï coffee shop,needs review,yes
2022-08-25,LEMONADE I* LEMONADE I NEW YORK CITY NY 23062 Mobile Purchase,$10.99,"['Food and Drink', 'Restaurants']",needs review,yes,Lemonade Insurance,üå™Ô∏è home insurance,yes,yes
2022-08-25,LINKEDIN-781*4103855LNKD.IN/BILL CA,$11.99,"['Shops', 'Digital Purchase']",needs review,yes,LinkedIn,üíª software,yes,yes
2022-08-25,CHECKCARD 0825 LTF LIFE TIME CHICAGO IL XXXXXXXXXXXXXXX8324 RECURRING,$65.36,"['Recreation', 'Gyms and Fitness Centers']",no,no,Life Time Fitness,üíá personal care,no,no
2022-08-25,Debit from Purchase DD DOORDASH ELCAMINOTACO,$24.89,"['Food and Drink', 'Restaurants']",needs review,no,Doordash - El Camino Taco,üçΩÔ∏è business meal,no,no
2022-08-26,Zelle Transfer Conf# 2ag44jpio; Sarah,$18.00,"['Transfer', 'Debit']",needs review,no,Zelle Transfer - Sarah,‚ÜîÔ∏è transfer,no,no
2022-08-26,DD DOORDASH ELCAMINOTACO,$28.50,"['Food and Drink', 'Restaurants']",needs review,duplicate,Doordash - El Camino Taco,üçΩÔ∏è business meal,duplicate,duplicate
2022-08-27,0634 MJ4LBR3A AMAZON.COMH51UG38I0 AMAZON.COM SEATTLEWA C# 0497,$36.11,"['Shops', 'Digital Purchase']",needs review,no,Amazon,üì¶ supplies,needs review,needs review
2022-08-27,Zelle Transfer Conf# 07jb634uu; Tim,"-$1,800.00","['Transfer', 'Credit']",no,no,Zelle Transfer - Tim,‚ÜîÔ∏è transfer,no,no
2022-08-28,Zelle Transfer Conf# 86ak3err; Arthur Realty,"$1,175.00","['Transfer', 'Debit']",needs review,yes,Arthur Realty,üè† rent,needs review,yes
2022-08-30,MOBILE PURCHASE CITY CHICA PARKING 0830,$2.21,"['Travel', 'Parking']",no,yes,City of Chicago Parking,üÖøÔ∏è parking,needs review,yes
2022-08-31,VINEYARD VINES,$88.76,"['Shops', 'Clothing and Accessories']",no,no,Vineyard Vines,üëñ clothing,no,no
2022-09-01,PURCHASE 0828 DOORDASH DASHPASS SAN FRANCISCOCA XXXXX0920XXXXXXXXXX RECURRING,$9.99,"['Food and Drink', 'Restaurants']",needs review,no,DoorDash,üíª software,no,no
2022-09-01,APPLECARD GSBANK DES:PAYMENT ID:7252385 INDN:Jason Martucci CO ID:XXXXX99999 WEB,$380.00,"['Payment', 'Credit Card']",no,no,Applecard,‚ÜîÔ∏è transfer,no,no
2022-09-01,PURCHASE 0828 DOORDASH DASHPASS SAN FRANCISCOCA,$9.99,"['Food and Drink', 'Restaurants']",needs review,duplicate,DoorDash,üíª software,duplicate,duplicate
2022-09-02,TRELLO.COM* ATLASSIAN XXXXXXXXXXXX0497,$14.99,"['Shops', 'Digital Purchase']",needs review,yes,Trello,üíª software,yes,yes
2022-09-03,CHECKCARD 0901 DEL FUEGO E. NORTHPORT PENDING,$56.89,"['Food and Drink', 'Restaurants']",needs review,yes,Del Fuego,üçΩÔ∏è business meal,needs review,needs review
2022-09-04,CHECKCARD 0903 SPEEDWAY 07642 COMMACK XXXXX3720XXXXXXXXXX,$67.98,"['Travel', 'Gas Stations']",no,no,Speedway,üõí supermarket,no,no
2022-09-04,CHECKCARD 0901 DEL FUEGO E. NORTHPORT,$56.89,"['Food and Drink', 'Restaurants']",needs review,duplicate,Del Fuego,üçΩÔ∏è business meal,duplicate,duplicate
2022-09-06,CHECKCARD 0903 SPEEDWAY 07642 COMMACK,$67.98,"['Travel', 'Gas Stations']",no,duplicate,Speedway,üõí supermarket,duplicate,duplicate
2022-09-07,Online scheduled transfer from CHK 6335 Confirmation# XXXXX98704,-$25.00,"['Transfer', 'Internal Account Transfer']",no,no,Online Scheduled Transfer,‚ÜîÔ∏è transfer,no,no
2022-09-07,"Apple.com/Bill, Www.Apple.com",$337.87,"['Payment', 'Credit Card']",no,yes,Apple,üì¶ supplies,needs review,yes
2022-09-07,CHECKCARD 0903 FIVE STAR CAR WAS E NORTHPORT,$45.57,"['Service', 'Automotive', 'Car Wash and Detail']",no,no,Five Star Car Wash,‚ú® car wash,no,no
2022-09-07,TARGET DEBIT CRD ACH TRAN CO ID:XXXXX15170 POS TARGET -1108,$13.40,"['Shops', 'Supermarkets and Groceries']",needs review,yes,Target,üì¶ supplies,needs review,needs review
2022-09-07,UBER EATS CHECKCARD 09/06,$24.59,"['Food and Drink', 'Restaurants']",needs review,no,Uber Eats,üçΩÔ∏è business meal,no,no
2022-09-07,CHECKCARD 0904 PRATO 850 XXXXX6120XXXXXXXXXX5108,$82.15,['Service'],needs review,no,Prato,üëñ clothing,no,no
2022-09-09,CHECKCARD 0908 CHANGING TIMES PU FARMINGDALE,$53.23,"['Food and Drink', 'Restaurants']",needs review,no,Changing Times,üçΩÔ∏è business meal,needs review,needs review
2022-09-09,CHECKCARD 0909 QDI*QUEST DIAGNOS IL XXXXX8620XXXXXXXXXX RECURRING,$20.00,['Service'],needs review,no,Quest Diagnostics,üè• medical expense,no,no
2022-09-14,BANK OF AMERICA CREDIT CARD Bill Payment,$500.00,"['Payment', 'Credit Card']",no,no,Bank of America - Credit Card,‚ÜîÔ∏è transfer,no,no
2022-09-14,Dropbox BBBZKILNMV 141-58576933 CA 09/14,$13.99,"['Shops', 'Digital Purchase']",needs review,yes,Dropbox,üíª software,yes,yes
2022-09-14,PURCHASE 0913 TST* TOA ASIAN FU XXXXXX,$28.62,"['Food and Drink', 'Restaurants']",needs review,no,T.O.A Asian Fusion,üçΩÔ∏è business meal,needs review,needs review
2022-09-15,Comcast Chicago il,$79.99,"['Service', 'Cable']",yes,yes,Comcast,üåê wifi bill,yes,yes
2022-09-16,CHECKCARD 0915 CHANGING TIMES AL EAST NORTHPOR,$24.44,"['Transfer', 'Third Party', 'Square']",needs review,no,Changing Times,üçΩÔ∏è business meal,needs review,no
2022-09-18,CHECKCARD 0916 FOLEY'S SMITHTOWN XXXXX2920XXXXXXXXXX8324,$17.48,"['Food and Drink', 'Restaurants']",needs review,no,Foley's Smithtown,üçΩÔ∏è business meal,needs review,needs review
2022-09-18,CHECKCARD 0915 CHANGING TIMES,$24.44,"['Transfer', 'Third Party', 'Square']",needs review,duplicate,Changing Times,üçΩÔ∏è business meal,duplicate,duplicate
2022-09-18,DEBIT ONLINE PURCHASE 9/18 XXXX8324,$32.33,"['Shops', 'Digital Purchase']",needs review,no,Online Purchase,üí∞ other expense,needs review,no
2022-09-21,eBay O*25- DDAVCH#5232,$32.33,"['Shops', 'Digital Purchase']",needs review,no,eBay,üì¶ supplies,duplicate,duplicate
2022-09-21,CHECKCARD 0919 FOUNDERS ROOM HUNTINGTON,$26.90,"['Food and Drink', 'Restaurants']",needs review,no,Founder's Room,üì∫ entertainment,no,no
2022-09-22,Zelle Transfer Conf# 253st24; Family,$50.00,"['Transfer', 'Debit']",needs review,no,Zelle - Family,üí∞ payment,needs review,no
2022-09-26,Nordstrom Direct,$146.64,"['Shops', 'Department Stores']",needs review,no,Nordstrom,üëñ clothing,no,no
2022-09-28,Zelle Transfer Conf# 86ak25be; Arthur Realty,"$1,175.00","['Transfer', 'Debit']",needs review,yes,Arthur Realty,üè† rent,needs review,yes
2022-09-28,Zelle Transfer Conf# 07jb634st; Tim,"-$1,610.00","['Transfer', 'Credit']",no,no,Zelle Transfer - Tim,‚ÜîÔ∏è transfer,no,no
2022-09-29,LEMONADE I* LEMONADE I NEW YORK CITY NY 23022 Mobile Purchase,$10.99,"['Food and Drink', 'Restaurants']",needs review,yes,Lemonade Insurance,üå™Ô∏è home insurance,yes,yes
2022-09-30,CHECKCARD 0306 LTF LIFE TIME CHICAGO IL XXXXXXXXXXXXXXX8324 RECURRING,$65.36,"['Recreation', 'Gyms and Fitness Centers']",no,no,Life Time Fitness,üíá personal care,no,no
2022-09-31,623 ATJJ2322 AMAZON.COMH65YZ34BA AMAZON.COM SEATTLEWA C# 0497,$10.85,"['Shops', 'Digital Purchase']",needs review,yes,Amazon,üì¶ supplies,needs review,needs review
2022-10-01,Zappos.com Transfer Conf# cy6agioiiphw,$217.25,"['Shops', 'Clothing and Accessories']",needs review,no,Zappos,üëñ clothing,no,no
2022-10-01,TRELLO.COM* ATLASSIAN XXXXXXXXXXXX0497,$14.99,"['Shops', 'Digital Purchase']",needs review,yes,Trello,üíª software,yes,yes
2022-10-01,BOTTLE BARGAINS,$93.40,"['Shops', 'Discount Stores']",needs review,no,Bottle Bargains,üõí groceries,no,no
2022-10-01,APPLECARD GSBANK DES:PAYMENT ID:7252385 WEB,$141.54,"['Payment', 'Credit Card']",no,no,Applecard,‚ÜîÔ∏è transfer,no,no
2022-10-03,Speedway 10/03 #XXXXX8324 MOBILE PURCHASE 522 Chicago IL,$4.79,"['Travel', 'Gas Stations']",no,no,Speedway,üõí supermarket,no,no
2022-10-04,BLOOMINGDALES CHICAGO800-289-6229,$51.43,"['Shops', 'Department Stores']",needs review,no,Bloomingdale's,üëñ clothing,no,no
2022-10-04,PGANDE DES:WEB ONLINE ID:XXXXXXXXXX8324 INDN:JOHNNY CO ID:XXXXX11632 WEB,$86.34,"['Travel', 'Gas Stations']",no,yes,PG&E,üè† utilities,yes,yes
2022-10-04,PLAYSTATION NETWORK XXXXX7669,$16.99,"['Shops', 'Digital Purchase']",needs review,no,Playstation Network,üì∫ entertainment,no,no
2022-10-04,CASH REWARDS STATEMENT CREDIT,-$3.44,"['Transfer', 'Credit']",no,no,Cash Rewards Statement,‚ÜîÔ∏è transfer,no,no
2022-10-04,CHECKCARD 1002 PATIO PIZZA SAINT JAMES XXXX9120XXXXXXXXXX8324,$10.48,"['Food and Drink', 'Restaurants']",needs review,no,Patio Pizza,üçΩÔ∏è business meal,needs review,no
2022-10-04,Online scheduled transfer from CHK 6335 Confirmation# XXXXX46252,-$50.00,"['Transfer', 'Internal Account Transfer']",no,no,Online Scheduled Transfer,‚ÜîÔ∏è transfer,no,no
2022-10-04,CHECKCARD 1002 PATIO PIZZA,$10.48,"['Food and Drink', 'Restaurants']",needs review,duplicate,Patio Pizza,üçΩÔ∏è business meal,duplicate,duplicate
2022-10-05,GROUPON: AUTHORIZED WEB PURCHASE 10/05 IL:562342,$2.72,"['Shops', 'Digital Purchase']",needs review,no,Groupon,üí∞ payment,no,no
2022-10-07,BLOOMINGDALES HUNTINGTONHUNTINGTN CHICAGO,-$51.43,"['Shops', 'Department Stores']",no,no,Bloomingdale's,‚ôªÔ∏è refund,no,no
2022-10-08,Amazon.com*1A7DP41L1 Amzn.com/billWA,$43.77,"['Shops', 'Digital Purchase']",needs review,yes,Amazon,üì¶ supplies,needs review,needs review
2022-10-09,Comcast Chicago il,$79.99,"['Service', 'Cable']",yes,yes,Comcast,üåê wifi bill,yes,yes
2022-10-08,Amazon.com*1A7DP41L1 Amzn.com/billWA,$43.77,"['Shops', 'Digital Purchase']",needs review,duplicate,Amazon,üì¶ supplies,duplicate,duplicate
2022-10-09,DOS TOROS MEXICAN GRI CHICAGO IL WITHDRWL XX2525,$18.99,"['Food and Drink', 'Restaurants']",needs review,yes,Dos Toros,üçΩÔ∏è business meal,needs review,yes
2022-10-11,TST* TOA Asian Fusion -,$77.57,"['Food and Drink', 'Restaurants']",needs review,yes,T.O.A Asian Fusion,üçΩÔ∏è business meal,needs review,needs review
2022-10-11,Online scheduled transfer from CHK 6335 Confirmation# XXXXX8324,-$25.00,"['Transfer', 'Internal Account Transfer']",no,no,Online Scheduled Transfer,‚ÜîÔ∏è transfer,no,no
2022-10-12,Nordstrom Direct,$32.06,"['Shops', 'Department Stores']",needs review,no,Nordstrom,üëñ clothing,no,no
2022-10-12,Monthly Maintenance Fee,$12.00,['Bank Fees'],yes,no,Monthly Maintenance Fee,üè¶ bank fee,no,no
2022-10-12,BANK OF AMERICA CREDIT CARD Bill Payment,$221.53,"['Payment', 'Credit Card']",no,no,Bank of America - Credit Card,‚ÜîÔ∏è transfer,no,no
2022-10-13,MOBILE PURCHASE CITY CHICA PARKING 10/13,$2.21,"['Travel', 'Parking']",no,yes,City of Chicago Parking,üÖøÔ∏è parking,needs review,yes
2022-10-15,VINEYARD VINES,$88.76,"['Shops', 'Clothing and Accessories']",no,no,Vineyard Vines,üëñ clothing,no,no
2022-10-15,MSX CHRYSLER* SVC,$175.83,"['Shops', 'Automotive', 'Car Dealers and Leasing']",no,no,MSX Chrysler,üöó car insurance,no,no
2022-10-16,GROUPON: AUTHORIZED WEB PURCHASE 10/16 IL:62462,$11.25,"['Shops', 'Digital Purchase']",needs review,no,Groupon,üí∞ payment,needs review,no
2022-10-18,MOBILE PURCHASE 1017 TST* SUNDAE DONUT HUNTINGTON XXXXX8324,$10.27,"['Food and Drink', 'Restaurants']",needs review,no,Sundae Donut,üçΩÔ∏è business meal,needs review,needs review
2022-10-18,STARBUCKS 800-782-7282 SEATTLE WAUS,$13.46,"['Food and Drink', 'Restaurants', 'Coffee Shop']",needs review,no,Starbucks,‚òï coffee shop,needs review,needs review
2022-10-19,Zelle Transfer Conf# 7adg9h3; Adam,-$25.00,"['Transfer', 'Credit']",no,no,Zelle Transfer - Adam,‚ÜîÔ∏è transfer,no,no
2022-10-20,Debit from Purchase DD DOORDASH TERIYAKIKING,$22.64,"['Food and Drink', 'Restaurants']",needs review,no,Doordash - Teriyaki King,üçΩÔ∏è business meal,no,no
2022-10-20,ONLINE TRANSFER BANK OF AMERICA 10/21 #XXXXX0008324,$500.00,"['Transfer', 'Debit']",needs review,no,Transfer - Bank of America,‚ÜîÔ∏è transfer,no,no
2022-10-21,DD DOORDASH TERIYAKIKING,$24.50,"['Food and Drink', 'Restaurants']",needs review,duplicate,Doordash - Teriyaki King,üçΩÔ∏è business meal,duplicate,duplicate
2022-10-21,CHECKCARD 1020 Speedway,$74.00,"['Travel', 'Gas Stations']",no,no,Speedway,üõí supermarket,no,no
2022-10-22,DD DOORDASH MARCOSPIZ,$23.00,"['Food and Drink', 'Restaurants']",needs review,no,Doordash - Marco's Pizza,üçΩÔ∏è business meal,no,no
2022-10-22,TARGET DEBIT CRD ACH TRAN CO ID:XXXXX15170 POS TARGET -1108,$51.59,"['Shops', 'Supermarkets and Groceries']",needs review,yes,Target,üì¶ supplies,needs review,needs review
2022-10-22,PAYMENT - THANK YOU,-$350.00,"['Payment', 'Credit Card']",no,no,Card Payment,‚ÜîÔ∏è transfer,no,no
2022-10-23,SQUARESPACE INC. HTTPSSQUARESP NY 10/23,$18.75,"['Shops', 'Digital Purchase']",needs review,yes,Squarespace,üíª software,yes,yes
2022-10-25,Online scheduled transfer from CHK 8324 Confirmation# XXXXX59638,-$50.00,"['Transfer', 'Internal Account Transfer']",no,no,Online Scheduled Transfer,‚ÜîÔ∏è transfer,no,no
2022-10-25,TARGET DEBIT CRD ACH TRAN CO ID:XXXXX15170,$51.59,"['Shops', 'Supermarkets and Groceries']",needs review,duplicate,Target,üì¶ supplies,duplicate,duplicate
2022-10-25,"NETFLIX, INC 186-65797172 CA CARD8324",$9.99,"['Shops', 'Digital Purchase']",needs review,no,Netflix,üì∫ entertainment,no,no
2022-10-25,CHECKCARD 1023 TOWN BAGEL - PLAI PLAINVIEW XXXXX0321XXXXXXXXXX8324,$18.77,"['Shops', 'Food and Beverage Store']",needs review,yes,Town Bagel,üçΩÔ∏è business meal,needs review,needs review
2022-10-25,SQUARESPACE INC.,$18.75,"['Shops', 'Digital Purchase']",needs review,duplicate,Squarespace,üíª software,duplicate,duplicate
2022-10-26,TRADER JO TRAD 10/25 #XXXXX8324 PURCHASE TRADER JO TRADER,$67.82,"['Shops', 'Supermarkets and Groceries']",no,no,Trader Joe's,üõí groceries,no,no
2022-10-28,Zelle Transfer Conf# 86ak3err; Arthur Realty,"$1,175.00","['Transfer', 'Debit']",needs review,yes,Arthur Realty,üè† rent,needs review,yes
2022-10-28,LINKEDIN-781*4103855LNKD.IN/BILL CA,$11.99,"['Shops', 'Digital Purchase']",needs review,yes,LinkedIn,üíª software,yes,yes
2022-10-29,CHECKCARD 1029 LTF LIFE TIME CHICAGO IL XXXXXXXXXXXXXXX8324 RECURRING,$65.36,"['Recreation', 'Gyms and Fitness Centers']",no,no,Life Time Fitness,üíá personal care,no,no
2022-10-30,3683 WQGGH46L AMAZON.COMHYY650 AMAZON.COM SEATTLEWA C# 0497,$16.66,"['Shops', 'Digital Purchase']",needs review,yes,Amazon,üì¶ supplies,needs review,needs review
2022-11-01,TRELLO.COM* ATLASSIAN XXXXXXXXXXXX0497,$14.99,"['Shops', 'Digital Purchase']",needs review,yes,Trello,üíª software,yes,yes
2022-11-01,CHI MKTPL BREWE 11/01 #XXXXX1721 MOBILE PURCHASE MKTPL BREWER,$40.67,"['Shops', 'Food and Beverage Store']",needs review,no,Chicago Marketplace Brewery,üçΩÔ∏è business meal,needs review,needs review
2022-11-01,CHECKCARD 1101 LTF LIFE TIME CHICAGO IL XXXXXXXXXXXXXXX8324,$65.36,"['Recreation', 'Gyms and Fitness Centers']",no,duplicate,Life Time Fitness,üíá personal care,duplicate,duplicate
2022-11-02,CHECKCARD 1102 GENERAL BUILDING MELVILLE XXXXX0321XXXXXXXXXX8324,$84.87,"['Shops', 'Furniture and Home Decor']",needs review,yes,General Building,üõãÔ∏è home office expense,needs review,yes
2022-11-02,NY MKTPL BREWE 11/01,$40.67,"['Shops', 'Food and Beverage Store']",needs review,duplicate,Chicago Marketplace Brewery,üçΩÔ∏è business meal,duplicate,duplicate
2022-11-02,Zelle Transfer Conf# nvizxvsui4; Tim,"-$1,760.00","['Transfer', 'Credit']",no,no,Zelle Transfer - Tim,‚ÜîÔ∏è transfer,no,no
2022-11-03,PGANDE DES:WEB ONLINE ID:XXXXXXXXXX8324 INDN:JOHNNY CO ID:XXXXX11632 WEB,$90.15,"['Travel', 'Gas Stations']",no,yes,PG&E,üè† utilities,yes,yes
2022-11-04,ACH WEB IXBB54OYT ADOBE PHOTOSH,$24.50,"['Shops', 'Digital Purchase']",needs review,yes,Adobe Photoshop,üíª software,yes,yes
2022-11-04,Online scheduled transfer from CHK 6335 Confirmation# XXXXX48324,-$25.00,"['Transfer', 'Internal Account Transfer']",no,no,Online Scheduled Transfer,‚ÜîÔ∏è transfer,no,no
2022-11-05,APPLECARD GSBANK DES:PAYMENT ID:7252385,$138.15,['Service'],needs review,no,Applecard,‚ÜîÔ∏è transfer,no,no
2022-11-06,CHECKCARD 8324 BUTTERFIELDS REST HAUPPAUGE,$35.88,"['Food and Drink', 'Restaurants']",needs review,no,Butterfields Restaurant,üçΩÔ∏è business meal,needs review,needs review
2022-11-08,CHECKCARD 8324 BUTTERFIELDS RESTAURANT,$35.88,"['Food and Drink', 'Restaurants']",needs review,duplicate,Butterfields Restaurant,üçΩÔ∏è business meal,duplicate,duplicate
2022-11-09,Nordstrom,$26.39,"['Shops', 'Department Stores']",needs review,no,Nordstrom,üëñ clothing,no,no
2022-11-09,CHECKCARD 1109 MILLER S ALE HOUS COMMACK XXXX,$47.19,"['Food and Drink', 'Restaurants']",needs review,yes,Miller's Ale House,üçΩÔ∏è business meal,needs review,needs review
2022-11-09,CHECKCARD 1109 www.cvs.com IL XXXXX3721XXXXXXXXXX8324,$30.00,"['Shops', 'Pharmacies']",needs review,no,CVS,üì¶ supplies,needs review,no
2022-11-10,Dropbox BBBZKILNMV 141-58576933 CA 11/10,$13.99,"['Shops', 'Digital Purchase']",needs review,yes,Dropbox,üíª software,yes,yes
2022-11-10,CHECKCARD SPEEDWAY 07642 COMMACKXXXX,$36.23,"['Travel', 'Gas Stations']",no,no,Speedway,‚õΩ gas fill up,no,no
2022-11-10,SQ DEBIT LEMONADE REST 25325 #IL5233,$27.32,"['Food and Drink', 'Restaurants']",needs review,no,Lemonade Insurance,üå™Ô∏è home insurance,yes,yes
2022-11-12,PAYMENT - THANK YOU,$235.00,"['Payment', 'Credit Card']",no,no,Card Payment,‚ÜîÔ∏è transfer,no,no
2022-11-12,CHECKCARD 1111 Dunkin' Donuts *PENDING,$8.43,"['Food and Drink', 'Restaurants', 'Coffee Shop']",needs review,no,Dunkin',‚òï coffee shop,needs review,no
2022-11-13,t43 SGJJ2322 AMAZON.COMH65YZ34BA AMAZON.COM SEATTLEWA C# 8324,$13.85,"['Shops', 'Digital Purchase']",needs review,yes,Amazon,üì¶ supplies,needs review,needs review
2022-11-14,CHECKCARD 1114 LTF LIFE TIME CHICAGO IL XXXXXXXXXXXXXXX8324 RECURRING,$65.36,"['Recreation', 'Gyms and Fitness Centers']",no,no,Life Time Fitness,üíá personal care,no,no
2022-11-14,RECURRING DEBIT CARD XXXXX2069 TMOBILEAUTO PAY XXXXX8324,$75.99,"['Service', 'Telecommunication Services']",yes,yes,T-Mobile,üì∂ phone bill,yes,yes
2022-11-13,BANK OF AMERICA CREDIT CARD Bill Payment,$233.00,"['Payment', 'Credit Card']",no,no,Bank of America - Credit Card,‚ÜîÔ∏è transfer,no,no
2022-11-13,Dunkin' Donuts,$8.43,"['Food and Drink', 'Restaurants', 'Coffee Shop']",needs review,duplicate,Dunkin',‚òï coffee shop,duplicate,duplicate
2022-11-15,MSX CHRYSLER* SVC,$75.83,"['Shops', 'Automotive', 'Car Dealers and Leasing']",no,no,MSX Chrysler,üöó car insurance,no,no
2022-11-16,DD DOORDASH MARCOSPIZ,$24.55,"['Food and Drink', 'Restaurants']",needs review,yes,Doordash - Marco's Pizza,üçΩÔ∏è business meal,needs review,needs review
2022-11-16,CHECKCARD 1116 SPEEDWAY 07798 NORTHPORT XXXXXXX8324,$47.23,"['Travel', 'Gas Stations']",no,no,Speedway,‚õΩ gas fill up,no,no
2022-11-17,Comcast Chicago il,$79.99,"['Service', 'Cable']",yes,yes,Comcast,üåê wifi bill,yes,yes
2022-11-17,Dunkin' Donuts,$10.87,"['Food and Drink', 'Restaurants', 'Coffee Shop']",needs review,no,Dunkin',‚òï coffee shop,needs review,needs review
2022-11-18,CHECKCARD 1118 GINOS OF NORTHPORXX8324,$3.48,"['Food and Drink', 'Restaurants']",needs review,no,Ginos Of Northport,üçΩÔ∏è business meal,no,no
2022-11-19,Dunkin' Donuts,$11.76,"['Food and Drink', 'Restaurants', 'Coffee Shop']",needs review,duplicate,Dunkin',‚òï coffee shop,duplicate,duplicate
2022-11-21,DICE.FM HTTPSDICE.FM,$46.77,"['Community', 'Organizations and Associations', 'Charities and Non-Profits']",needs review,no,Dice.fm,üèüÔ∏è event,needs review,no
2022-11-21,BKOFAMERICA MOBILE 05/21 XXXXX34484 DEPOSIT *MOBILE,-$35.00,"['Transfer', 'Deposit']",no,no,Bank of America - Mobile Deposit,‚ÜîÔ∏è transfer,no,no
2022-11-23,CHECKCARD 0520 NURX.CO SAN FRANCISCOCA XXXXX1621XXXXXXXXXX5994,$25.00,['Service'],no,no,Nurx,üè• medical expense,no,no
2022-11-23,STARBUCKS 800-782-7282 SEATTLE WAUS,$14.53,"['Food and Drink', 'Restaurants', 'Coffee Shop']",needs review,yes,Starbucks,‚òï coffee shop,needs review,needs review
2022-11-23,"NETFLIX, INC 186-65797172 CA CARD8324",$9.99,"['Shops', 'Digital Purchase']",needs review,no,Netflix,üì∫ entertainment,no,no
2022-11-25,LEMONADE I* LEMONADE I NEW YORK CITY NY 23062 Mobile Purchase,$10.99,"['Food and Drink', 'Restaurants']",needs review,yes,Lemonade Insurance,üå™Ô∏è home insurance,yes,yes
2022-11-28,Zelle Transfer Conf# 86ak3err; Arthur Realty,"$1,175.00","['Transfer', 'Debit']",needs review,yes,Arthur Realty,üè† rent,needs review,yes
2022-11-28,Zelle Transfer Conf# 07jb634st; Tim,"-$2,150.00","['Transfer', 'Credit']",no,no,Zelle Transfer - Tim,‚ÜîÔ∏è transfer,no,no
2022-11-30,ONLINE TRANSFER BANK OF AMERICA 11/30 #XXXXX0008324,$250.00,"['Transfer', 'Debit']",needs review,no,Transfer - Bank of America,‚ÜîÔ∏è transfer,no,no
2022-12-01,CHECKCARD 1201 NURX.CO SAN FRANCISCOCA XXXXX1621XXXXXXXXXX7316,$10.00,['Service'],no,no,Nurx,üè• medical expense,no,no
2022-12-01,CHECKCARD 12/01 CKO*PATREON* MEMBERSHI XXX-XX28766,$8.00,"['Service', 'Subscription']",no,no,Patreon,üì∫ entertainment,no,no
2022-12-01,PURCHASE 12/01 UBER * EATS PENDING,$13.98,"['Food and Drink', 'Restaurants']",needs review,no,Uber Eats,üçΩÔ∏è business meal,no,no
2022-12-01,CHECKCARD 12/01 EXPRESSVPN.COM XXX-XX18492 DE,$12.95,['Service'],needs review,yes,ExpressVPN,üíª software,needs review,yes
2022-12-02,CHECKCARD DAISO TX01 CARROL CARROLLTON TX ON 12/02,$5.95,['Shops'],needs review,no,Daiso,üì¶ supplies,needs review,needs review
2022-12-02,PURCHASE 12/02 UBER * EATS PENDING,$15.59,"['Food and Drink', 'Restaurants']",needs review,no,Uber Eats,üçΩÔ∏è business meal,no,no
2022-12-02,CHECKCARD 12/02 DAISO TX01 CARROLLTON,$5.95,['Shops'],needs review,no,Daiso,üì¶ supplies,needs review,no
2022-12-02,PGANDE DES:WEB ONLINE ID:XXXXXXXXXX8324 INDN:JOHNNY CO ID:XXXXX11632 WEB,$86.34,"['Travel', 'Gas Stations']",no,yes,PG&E,üè† utilities,yes,yes
2022-12-02,TRELLO.COM* ATLASSIAN XXXXXXXXXXXX0497,$14.99,"['Shops', 'Digital Purchase']",needs review,yes,Trello,üíª software,yes,yes
2022-12-02,CHECKCARD 12/02 HANABI,$8.12,"['Food and Drink', 'Restaurants']",needs review,no,Hanabi Sushi,üçΩÔ∏è business meal,needs review,no
2022-12-03,CHECKCARD 1203 ADDISON FOOD MART ADDISON XXXXX3323XXXXXXXXXX7306,$3.78,"['Travel', 'Gas Stations']",needs review,no,Addison Food Mart,üõí groceries,no,no
2022-12-03,CHECKCARD 1203 CKO*Patreon* Membership XXX-XX28766 CA XXXXX4130XXXXXXXXXX5976 RECURRING,$8.00,"['Service', 'Subscription']",no,duplicate,Patreon,üì∫ entertainment,duplicate,duplicate
2022-12-03,PAYPAL DES:INST XFER ID:FORTYONEENT INDN:AD LIBERTATEM CO ID:PAYPALSI77 WEB,$10.00,"['Transfer', 'Third Party', 'PayPal']",needs review,no,Paypal,üí∞ payment,no,no
2022-12-04,7ELEVEN-FCTI 12/04 #XXXXX1277 WITHDRWL 14300 MONTFORT,$23.95,"['Shops', 'Convenience Stores']",needs review,no,7-Eleven,üõí supermarket,no,no
2022-12-04,CHECKCARD 1203 WARHAMMER #416 GRAPEVINE XXXXX0030XXXXXXXXXX08324,$4.06,"['Food and Drink', 'Restaurants']",needs review,no,Warhammer,üì∫ entertainment,no,no
2022-12-04,PURCHASE 1204 TRYHACKME.COM LONDON XXXXX4730XXXXXXXXXX5655 RECURRING INTERNATIONAL TRANSACTION FEE,$0.30,"['Bank Fees', 'Foreign Transaction']",needs review,no,International Transaction Fee,üè¶ bank fee,no,no
2022-12-04,CHECKCARD 1202 DAISO TX01 CARROLLTON CARROLLTON TX XXXXX0530XXXXXXXXXX2871,$5.95,['Shops'],needs review,duplicate,Daiso,üì¶ supplies,duplicate,duplicate
2022-12-04,CHECKCARD 7-11 STORE 36348 DALLAS TX ON 12/04,$12.00,"['Travel', 'Gas Stations']",needs review,no,7-Eleven,üõí supermarket,no,no
2022-12-04,PURCHASE 1204 TRYHACKME.COM LONDON XXXXX4730XXXXXXXXXX5655 RECURRING,$10.00,['Service'],needs review,yes,Tryhackme,üí∞ payment,needs review,yes
2022-12-05,ACH HOLD USR ElectricBill D ON 12/05,$81.37,"['Service', 'Utilities', 'Electric']",yes,yes,USR Electric Bill,üè† utilities,yes,yes
2022-12-06,PURCHASE UBER SAN FRANCISCO CA ON 12/06,$23.08,"['Travel', 'Taxi']",needs review,yes,Uber,üöó ride,needs review,needs review
2022-12-06,CHECKCARD LITTLE CAESARS 1617 000 CHICAGO XXXXX0030XXXXXXXXXX0661,$31.63,"['Food and Drink', 'Restaurants', 'Fast Food']",needs review,yes,Little Caesars,üçî fast food,needs review,needs review
2022-12-06,PURCHASE 12/06 UBER ,$23.08,"['Food and Drink', 'Restaurants']",needs review,duplicate,Uber,üöó ride,duplicate,duplicate
2022-12-06,CHECKCARD Twitch ON 12/06,$5.99,"['Shops', 'Digital Purchase']",needs review,no,Twitch,üì∫ entertainment,no,no
2022-12-08,ACH WEB IXBB5DD4OYT ADOBE PHOTOSH,$24.50,"['Shops', 'Digital Purchase']",needs review,yes,Adobe Photoshop,üíª software,yes,yes
2022-12-09,Comcast Chicago il,$79.99,"['Service', 'Cable']",yes,yes,Comcast,üåê wifi bill,yes,yes
2022-12-09,HOBBYTOWN 6060 E MOCKI 06/09 #XXXXX0327692 PURCHASE HOBBYTOWN 6060 E MOCKI,$12.42,"['Shops', 'Hobby and Collectibles']",needs review,no,Hobbytown,üì∫ entertainment,no,no
2022-12-10,MURPHY EXPRESS 12/10 #XXXXX0538 PURCHASE MURPHY EXPRESS,$34.44,"['Travel', 'Gas Stations']",no,no,Murphy Express,‚õΩ gas fill up,no,no
2022-12-10,CHECKCARD ATT*BILL PAYMENT ON 12/10,$91.25,"['Service', 'Telecommunication Services']",yes,yes,AT&T,üì∂ phone bill,yes,yes
2022-12-10,CHECKCARD CMRE XXX-XX89118 NC ON 12/10,$25.00,"['Food and Drink', 'Restaurants']",needs review,no,CMRE,üí∞ payment,no,no
2022-12-11,Dropbox BBBZKILNMV 141-58576933 CA 12/11,$13.99,"['Shops', 'Digital Purchase']",needs review,yes,Dropbox,üíª software,yes,yes
2022-12-11,CHECKCARD 1209 NTTA AUTOCHARGE TX XXXXX1630XXXXXXXXXX0688,$20.00,"['Travel', 'Tolls and Fees']",no,no,NTTA,üõÇ toll fee,no,no
2022-12-11,CHECKCARD 1211 WM SUPERC Wal-,$18.03,"['Shops', 'Supermarkets and Groceries']",needs review,no,Walmart,üì¶ supplies,needs review,needs review
2022-12-11,CHECKCARD 1211 Jack in the Box,$10.47,"['Food and Drink', 'Restaurants', 'Fast Food']",needs review,no,Jack In The Box,üçî fast food,needs review,no
2022-12-12,7ELEVEN-FCTI 12/12 #XXXXX1277 WITHDRWL 14300 MONTFORT,$3.99,"['Shops', 'Convenience Stores']",needs review,no,7-Eleven,üõí supermarket,no,no
2022-12-13,PURCHASE PAYPAL *VTUBEKGIN XXXXX67705 CA ON 12/13,$2.00,"['Transfer', 'Third Party', 'PayPal']",needs review,no,Paypal - Vtubekgin,üí∞ payment,needs review,no
2022-12-13,Zelle Transfer Conf# t28d732gh; Walter,-$21.00,"['Transfer', 'Credit']",no,no,Zelle Transfer - Walter,‚ÜîÔ∏è transfer,no,no
2022-12-14,STARBUCKS 800-782-7282 SEATTLE WAUS,$6.25,"['Food and Drink', 'Restaurants', 'Coffee Shop']",needs review,yes,Starbucks,‚òï coffee shop,needs review,yes
2022-12-15,CHECKCARD 12/15 CLIFFSNOTES +XXXXX349397,$9.00,"['Transfer', 'Debit']",needs review,yes,CliffsNotes,üéì industry education,needs review,yes
2022-12-15,STARBUCKS 800-782-7282 SEATTLE WAUS,$6.25,"['Food and Drink', 'Restaurants', 'Coffee Shop']",needs review,duplicate,Starbucks,‚òï coffee shop,needs review,yes
2022-12-16,POS DEBIT UDEMY SAN FRANCISC CA 0CN0 6951,$17.99,"['Shops', 'Digital Purchase']",needs review,yes,Udemy,üéì industry education,needs review,yes
2022-12-16,CHECKCARD 12/16 NORTON *APXXXXX04815,$8.65,['Service'],needs review,yes,Norton,üíª software,yes,yes
2022-12-17,ACH HOLD PAYPAL INST XFER ON 12/17,$24.95,"['Transfer', 'Third Party', 'PayPal']",needs review,no,Paypal,üí∞ payment,needs review,needs review
2022-12-18,CHECKCARD AMERICAN SHAMAN A ADDISON ON 12/18,$5.53,"['Food and Drink', 'Restaurants']",needs review,no,American Shaman,üõí supermarket,no,no
2022-12-18,2/14 BOTTLE & BARREL,$88.00,"['Food and Drink', 'Restaurants']",needs review,no,Bottle & Barrel,üçΩÔ∏è business meal,needs review,needs review
2022-12-19,MURPHY EXPRESS 12/18 #XXXXX2812 PURCHASE MURPHY EXPRESS,$10.89,"['Travel', 'Gas Stations']",no,no,Murphy Express,‚õΩ gas fill up,no,no
2022-12-20,CHECKCARD AMERICAN SHAMAN ADDISON,$5.53,"['Food and Drink', 'Restaurants']",needs review,duplicate,American Shaman,üõí supermarket,duplicate,duplicate
2022-12-20,CHECKCARD ATT* BILL PAYMENT CHICAGO IL ON 12/20,$63.74,"['Service', 'Telecommunication Services']",yes,yes,AT&T,üì∂ phone bill,yes,yes
2022-12-21,CHECKCARD 12/21 STEAM PURCHASE XXX-XX22985,$8.65,"['Shops', 'Digital Purchase']",needs review,no,Steam,üì∫ entertainment,no,no
2022-12-23,Monthly Maintenance Fee,$8.00,['Bank Fees'],yes,no,Maintenance Fee,üè¶ bank fee,no,no
2022-12-23,CHECKCARD 12/23 NU CARE CLEANERS,$20.57,"['Service', 'Personal Care']",no,no,Nu Care Cleaners,üíá personal care,no,no
2022-12-23,PAYPAL DES:INST XFER ID:BARTLEBY INDN:AD LIBERTATEM CO ID:PAYPALSI77 WEB,$4.99,"['Transfer', 'Third Party', 'PayPal']",needs review,no,Paypal,üí∞ payment,needs review,no
2022-12-23,CHECKCARD 1221 KINOKUNIYA BOOKSTORES XXXXX7930XXXXXXXXXX8324,$32.46,"['Shops', 'Bookstores']",needs review,no,Kinokuniya Bookstores,üéì industry education,needs review,no
2022-12-24,LEMONADE I* LEMONADE I NEW YORK CITY NY 23022 Mobile Purchase,$10.99,"['Food and Drink', 'Restaurants']",needs review,yes,Lemonade Insurance,üå™Ô∏è home insurance,yes,yes
2022-12-25,CHECKCARD 12/23 STAPLES 1127,$17.30,"['Shops', 'Office Supplies']",needs review,yes,Staples,üì¶ supplies,needs review,needs review
2022-12-25,CHECKCARD 1225 WM SUPERC Wal-,$8.98,"['Shops', 'Supermarkets and Groceries']",needs review,no,Walmart,üì¶ supplies,needs review,no
2022-12-26,LINKEDIN-781*4103855LNKD.IN/BILL CA,$11.99,"['Shops', 'Digital Purchase']",needs review,yes,LinkedIn,üíª software,yes,yes
2022-12-28,Zelle Transfer Conf# 22h49jh5be; Arthur Realty,"$1,175.00","['Transfer', 'Debit']",needs review,yes,Arthur Realty,üè† rent,needs review,yes
2022-12-29,STARBUCKS 800-782-7282 SEATTLE WAUS,$6.34,"['Food and Drink', 'Restaurants', 'Coffee Shop']",needs review,no,Starbucks,‚òï coffee shop,needs review,no
2022-12-29,PURCHASE CHEGG SANTA CLARA CA ON 12/29,$21.60,"['Shops', 'Bookstores']",needs review,no,Chegg,üéì industry education,needs review,needs review
2022-12-30,CHECKCARD 1230 LTF LIFE TIME CHICAGO IL XXXXXXXXXXXXXXX8324 RECURRING,$65.36,"['Recreation', 'Gyms and Fitness Centers']",no,no,Life Time Fitness,üíá personal care,no,no
2022-12-31,PLAYSTATION NETWORK XXXXX7669,$16.99,"['Shops', 'Digital Purchase']",needs review,no,Playstation Network,üì∫ entertainment,no,no